"","region_name","region_code","old_la_code","la_name","new_la_code","language","201516","201617","201718","201819","201920","202021","202122","YOY16to17","YOYperc16to17","YOY17to18","YOYperc17to18","YOY18to19","YOYperc18to19","YOY19to20","YOYperc19to20","YOY20to21","YOYperc20to21","YOY21to22","YOYperc21to22"
"1","East Midlands","E12000004",830,"Derbyshire","E10000007","Known or believed to be other than English",2.595839435,2.859904144,3.024419504,3.064666846,3.060443764,2.967559399,3.138948186,0.264064709,0.101726133534912,0.16451536,0.0575247811522454,0.0402473420000002,0.0133074601412834,-0.00422308200000021,-0.00137799056543852,-0.0928843649999997,-0.0303499662671795,0.171388787,0.0577541218072177
"2","East Midlands","E12000004",831,"Derby","E06000015","Known or believed to be other than English",24.58742427,27.5730234,28.82599163,29.4377638,29.76471058,30.05175013,30.45460095,2.98559913,0.121427893268301,1.25296823,0.0454418150604406,0.611772169999998,0.021222935809199,0.32694678,0.0111063728284959,0.287039549999999,0.0096436197230445,0.402850820000001,0.0134052365754846
"3","East Midlands","E12000004",855,"Leicestershire","E10000018","Known or believed to be other than English",8.013562118,8.331668332,8.407349275,8.474607402,8.512153697,8.551216132,8.695731253,0.318106214,0.0396959815517587,0.0756809430000001,0.00908352805035783,0.0672581270000006,0.00799992064086104,0.0375462950000003,0.00443044653503824,0.039062435,0.00458901899454271,0.144515121,0.016899949524045
"4","East Midlands","E12000004",856,"Leicester","E06000016","Known or believed to be other than English",51.78802897,52.72780459,53.564683,54.43469513,55.6524421,55.88143081,56.27844406,0.939775619999999,0.0181465801786818,0.836878410000004,0.0158716718154186,0.870012129999999,0.0162422716101951,1.21774697,0.0223707869970025,0.228988709999996,0.00411462105451786,0.397013250000001,0.00710456486609779
"5","East Midlands","E12000004",857,"Rutland","E06000017","Known or believed to be other than English",3.066721923,3.2405484,3.84219554,4.192872117,4.244954767,4.135997196,4.514752933,0.173826477,0.0566815255391515,0.60164714,0.185662136692666,0.350676577,0.0912698412533164,0.05208265,0.0124217120261863,-0.108957571,-0.0256675458233452,0.378755737,0.0915754336986257
"6","East Midlands","E12000004",891,"Nottinghamshire","E10000024","Known or believed to be other than English",6.581495828,7.26970234,7.833715148,8.189106995,8.378071729,8.702025772,9.565954372,0.688206512,0.104566884183399,0.564012807999999,0.0775840304900296,0.355391847,0.0453669606675364,0.188964734000001,0.0230751331146823,0.323954043000001,0.0386668977634389,0.863928599999999,0.0992790210734392
"7","East Midlands","E12000004",892,"Nottingham","E06000018","Known or believed to be other than English",30.41244679,31.64126999,31.89682181,32.42879801,32.4450597,31.61201511,32.94751198,1.2288232,0.040405272501917,0.255551819999997,0.00807653485719008,0.531976200000003,0.0166780315345782,0.0162616900000003,0.000501458302431861,-0.83304459,-0.0256755449890573,1.33549687,0.0422464960032723
"8","East Midlands","E12000004",925,"Lincolnshire","E10000019","Known or believed to be other than English",10.22364217,10.75850081,11.3733607,11.43324801,11.37313172,11.22170832,11.38035406,0.534858639999999,0.0523158607379154,0.61485989,0.0571510753086052,0.0598873100000006,0.00526557730645091,-0.0601162899999999,-0.00525802378706555,-0.151423400000001,-0.0133141340246432,0.158645740000001,0.0141373965064885
"9","East Midlands","E12000004",928,"Northamptonshire","E10000021","Known or believed to be other than English",15.00056799,16.24315263,17.37718169,18.07883395,18.77365291,19.02803284,NA,1.24258464,0.0828358393381076,1.13402906,0.0698158224472708,0.701652259999999,0.0403777938515644,0.694818959999999,0.0384327308897043,0.254379930000002,0.0135498366364547,NA,NA
"10","East Midlands","E12000004",940,"North Northamptonshire","E06000061","Known or believed to be other than English",NA,NA,NA,NA,NA,NA,17.35726686,NA,NA,NA,NA,NA,NA,NA,NA,NA,NA,NA,NA
"11","East Midlands","E12000004",941,"West Northamptonshire","E06000062","Known or believed to be other than English",NA,NA,NA,NA,NA,NA,21.40545145,NA,NA,NA,NA,NA,NA,NA,NA,NA,NA,NA,NA
"12","East of England","E12000006",821,"Luton","E06000032","Known or believed to be other than English",53.59136388,55.36531441,55.44545961,55.0014981,54.80072464,53.96611642,52.84154415,1.77395053,0.0331014253336073,0.0801451999999969,0.00144757057471927,-0.443961510000001,-0.00800717521547841,-0.200773460000001,-0.00365032711718084,-0.83460822,-0.0152298756172068,-1.12457227,-0.0208384880106591
"13","East of England","E12000006",822,"Bedford","E06000055","Known or believed to be other than English",32.29270233,33.63758647,30.81886817,29.90626127,29.05242905,28.12010129,27.51544969,1.34488414,0.0416466892815782,-2.8187183,-0.0837966868554587,-0.912606899999997,-0.029611953786426,-0.853832220000001,-0.0285502829087001,-0.93232776,-0.0320912154503652,-0.6046516,-0.0215024687772026
"14","East of England","E12000006",823,"Central Bedfordshire","E06000056","Known or believed to be other than English",6.839114247,7.994963802,8.217479855,8.136288282,8.519330839,8.659595827,8.917306785,1.155849555,0.169005738646202,0.222516053000001,0.0278320275752013,-0.0811915729999999,-0.00988034950284644,0.383042557,0.0470782921799131,0.140264988,0.0164643198686324,0.257710957999999,0.0297601600754246
"15","East of England","E12000006",873,"Cambridgeshire","E10000003","Known or believed to be other than English",13.59491038,14.61487509,15.32729765,15.3890501,15.90500249,15.85152081,16.21476407,1.01996471,0.075025482440878,0.71242256,0.0487464008835398,0.0617524500000002,0.00402891960540743,0.515952389999999,0.033527240904882,-0.0534816799999991,-0.00336256973449861,0.363243260000001,0.0229153571038337
"16","East of England","E12000006",874,"Peterborough","E06000031","Known or believed to be other than English",39.66877447,40.56570625,40.65685709,40.29638074,40.15262834,39.8109042,39.25478253,0.896931779999996,0.0226105240704704,0.0911508400000045,0.00224699255667475,-0.360476350000006,-0.00886631126459279,-0.143752399999997,-0.00356737745078187,-0.341724139999997,-0.00851062941898554,-0.556121670000003,-0.0139690791047143
"17","East of England","E12000006",881,"Essex","E10000012","Known or believed to be other than English",7.239692087,7.542260035,8.1003632,8.336639228,8.717421689,8.912774895,9.350977513,0.302567948,0.0417929304677623,0.558103165,0.0739968076425517,0.236276027999999,0.0291685720956313,0.380782461000001,0.0456757754037237,0.195353206,0.0224095165943968,0.438202618,0.049165677711195
"18","East of England","E12000006",882,"Southend-on-Sea","E06000033","Known or believed to be other than English",13.07941653,13.78686591,14.49861076,14.54419803,14.16724257,14.11361907,14.59751829,0.70744938,0.0540887568170443,0.711744850000001,0.0516248474922609,0.0455872700000004,0.0031442509047674,-0.37695546,-0.0259179268064462,-0.0536235000000005,-0.0037850343660771,0.48389922,0.0342859770835518
"19","East of England","E12000006",883,"Thurrock","E06000034","Known or believed to be other than English",17.37446093,18.68708351,20.11311223,20.79472365,22.11351351,22.91464336,23.82586318,1.31262258,0.0755489672622608,1.42602872,0.0763109299124654,0.681611420000003,0.0338889084993687,1.31878986,0.0634194463074771,0.801129849999999,0.0362280670431552,0.911219819999999,0.0397658303332197
"20","East of England","E12000006",919,"Hertfordshire","E10000015","Known or believed to be other than English",16.06795106,16.59515306,17.0603993,17.40871326,17.8501886,17.88235742,18.30306633,0.527202000000003,0.0328107795468978,0.465246239999999,0.028035067728384,0.348313959999999,0.0204165186215776,0.44147534,0.0253594469279001,0.0321688200000025,0.00180215574865145,0.420708909999998,0.0235264792062298
"21","East of England","E12000006",926,"Norfolk","E10000020","Known or believed to be other than English",10.03742899,10.5758304,11.40942602,11.78370013,12.03139924,12.11634814,12.81982023,0.538401409999999,0.0536393742397971,0.833595620000001,0.0788208195925684,0.37427411,0.0328039385455431,0.247699110000001,0.0210204865422013,0.0849488999999988,0.00706060020995519,0.70347209,0.0580597455497016
"22","East of England","E12000006",935,"Suffolk","E10000029","Known or believed to be other than English",8.897998553,9.412166635,9.667512121,9.880693769,10.29032426,10.21329679,10.36801008,0.514168081999999,0.0577846893250668,0.255345486,0.0271292993316198,0.213181648000001,0.0220513453028854,0.409630491,0.0414576648742204,-0.0770274700000009,-0.00748542689751944,0.15471329,0.0151482222813188
"23","London","E12000007",201,"City of London","E09000001","Known or believed to be other than English",56.25,59.3220339,52.11267606,49.47368421,59.7826087,58.88888889,59.566787,3.0720339,0.054613936,-7.20935784,-0.121529175013671,-2.63899185,-0.0506401138748198,10.30892449,0.208371877991578,-0.89371981,-0.0149494950025491,0.677898110000001,0.0115114773394055
"24","London","E12000007",202,"Camden","E09000007","Known or believed to be other than English",61.23931624,61.41367323,59.78060626,57.14529332,55.87390055,55.05930985,54.89115708,0.17435699,0.00284714135795844,-1.63306697,-0.0265912602863537,-2.63531294,-0.0440830748443467,-1.27139277,-0.022248424955674,-0.814590700000004,-0.0145790913464337,-0.168152769999999,-0.00305402974461728
"25","London","E12000007",203,"Greenwich","E09000011","Known or believed to be other than English",42.90819408,40.88103534,39.88675566,39.00026329,38.14089204,37.10282906,35.9535577,-2.02715874,-0.0472440936624011,-0.994279679999998,-0.0243212940115327,-0.886492369999999,-0.022225231291223,-0.859371250000002,-0.0220350114974827,-1.03806298,-0.0272165364908439,-1.14927136,-0.0309753026687394
"26","London","E12000007",204,"Hackney","E09000012","Known or believed to be other than English",54.01187769,51.78515404,49.02351341,47.88760071,46.38944223,44.85899547,45.20056929,-2.22672365,-0.0412265550696132,-2.76164063,-0.053328809794924,-1.1359127,-0.0231707729819359,-1.49815848,-0.0312848933291233,-1.53044676,-0.0329912731524558,0.341573819999994,0.0076143885172022
"27","London","E12000007",205,"Hammersmith and Fulham","E09000013","Known or believed to be other than English",49.06679764,49.90870359,48.40945779,48.47244694,46.82362097,45.92062853,47.28971963,0.841905950000005,0.0171583635063575,-1.4992458,-0.0300397664566948,0.0629891499999999,0.00130117445795916,-1.64882597,-0.0340157362396196,-0.902992439999998,-0.0192849767124706,1.3690911,0.029814293571909
"28","London","E12000007",206,"Islington","E09000019","Known or believed to be other than English",43.70057986,43.31325301,42.18009479,41.48760331,40.10162466,39.30076695,39.92055611,-0.387326850000001,-0.00886319703859419,-1.13315822,-0.0261619283072176,-0.692491480000001,-0.0164174946369295,-1.38597865,-0.0334070551061678,-0.800857709999995,-0.0199707048477471,0.619789159999996,0.0157704087756994
"29","London","E12000007",207,"Kensington and Chelsea","E09000020","Known or believed to be other than English",54.03598972,53.79345778,53.03994584,51.97809719,53.93678958,53.37247601,54.70378301,-0.242531940000006,-0.00448834084943649,-0.753511939999996,-0.0140075014898958,-1.06184865,-0.0200197913701339,1.95869239,0.0376830337370802,-0.564313570000003,-0.0104624983131968,1.331307,0.0249436994407111
"30","London","E12000007",208,"Lambeth","E09000022","Known or believed to be other than English",51.48323179,51.12525311,50.06339431,48.96033627,48.09838306,46.68119581,46.35803989,-0.357978679999995,-0.00695330630097562,-1.0618588,-0.020769751451701,-1.10305804,-0.0220332251778555,-0.861953209999996,-0.0176051325555979,-1.41718725,-0.0294643428705731,-0.323155919999998,-0.00692261443591322
"31","London","E12000007",209,"Lewisham","E09000023","Known or believed to be other than English",33.40221774,33.78560383,34.99171467,34.95674463,37.83049764,37.93646844,37.368376,0.383386090000002,0.01147786332585,1.20611084,0.0356989576409178,-0.0349700399999975,-0.00099938057708212,2.87375300999999,0.0822088280936129,0.105970800000001,0.00280120026462336,-0.568092440000001,-0.01497483723079
"32","London","E12000007",210,"Southwark","E09000028","Known or believed to be other than English",45.49514862,45.90489781,43.77081681,42.46817397,41.67763158,40.26957638,38.91753713,0.409749189999999,0.0090064370032604,-2.134081,-0.046489178754584,-1.30264284,-0.0297605330431575,-0.790542389999999,-0.0186149371658515,-1.40805520000001,-0.0337844341585786,-1.35203925,-0.033574707546998
"33","London","E12000007",211,"Tower Hamlets","E09000030","Known or believed to be other than English",74.81013303,76.16431452,75.19818364,73.34747397,70.15535568,67.96135569,68.25687359,1.35418149,0.0181015784246361,-0.966130880000009,-0.0126848234122335,-1.85070967,-0.0246110953804416,-3.19211829,-0.0435204938523938,-2.19399998999999,-0.0312734497421337,0.295517899999993,0.004348322616576
"34","London","E12000007",212,"Wandsworth","E09000032","Known or believed to be other than English",45.96995428,46.21197566,44.78206605,43.40306295,42.50954666,41.06458123,40.97510373,0.242021379999997,0.00526477312824504,-1.42990961,-0.0309424037725723,-1.3790031,-0.0307936462435725,-0.893516290000001,-0.0205864800608502,-1.44496543,-0.0339915511580757,-0.089477500000001,-0.00217894587792929
"35","London","E12000007",213,"Westminster","E09000033","Known or believed to be other than English",68.91286879,68.9591507,66.10057553,64.21207658,61.91564513,59.83948989,60.18466389,0.0462819099999905,0.000671600396451736,-2.85857516999999,-0.0414531667078666,-1.88849895,-0.0285700833140688,-2.29643145,-0.0357632329043111,-2.07615524,-0.0335319972139649,0.345174,0.00576833125807918
"36","London","E12000007",301,"Barking and Dagenham","E09000002","Known or believed to be other than English",54.36851002,56.4101343,56.46624118,55.61156299,54.39312651,52.77811112,51.13848906,2.04162428,0.0375515952018727,0.0561068799999944,0.000994624116681006,-0.854678189999994,-0.0151360914440098,-1.21843648,-0.0219097686612243,-1.61501539,-0.0296915344570805,-1.63962206,-0.0310663270284918
"37","London","E12000007",302,"Barnet","E09000003","Known or believed to be other than English",48.71720957,51.02404997,51.61076996,50.99601594,53.57960326,52.79634075,53.40378631,2.3068404,0.0473516529448466,0.586719989999999,0.0114988910199203,-0.614754019999999,-0.0119113514577762,2.58358732,0.0506625325994045,-0.78326251,-0.0146186694626899,0.607445560000002,0.0115054481308916
"38","London","E12000007",303,"Bexley","E09000004","Known or believed to be other than English",18.80944388,19.11997814,19.90058429,20.3188647,21.21576888,22.40244168,23.18859765,0.310534260000001,0.016509486510135,0.780606150000001,0.0408267281627761,0.418280409999998,0.0210184989498114,0.89690418,0.0441414514660359,1.1866728,0.05593352787316,0.786155969999999,0.0350924234612269
"39","London","E12000007",304,"Brent","E09000005","Known or believed to be other than English",68.68784087,69.49290796,71.25542692,70.90141563,70.14737931,68.31285086,68.08307927,0.805067089999994,0.0117206638002158,1.76251896000001,0.0253625731278149,-0.354011290000003,-0.00496820109431747,-0.754036319999997,-0.0106349966823645,-1.83452845000001,-0.0261524873494238,-0.229771589999999,-0.00336351926624891
"40","London","E12000007",305,"Bromley","E09000006","Known or believed to be other than English",13.9802779,14.77352528,15.3990272,15.62185478,16.29587238,16.1755777,16.66248611,0.793247379999999,0.0567404586428141,0.625501920000001,0.0423393813016849,0.222827579999999,0.0144702374446094,0.674017599999999,0.0431458113964108,-0.120294679999997,-0.00738191102598688,0.486908409999998,0.0301014541199353
"41","London","E12000007",306,"Croydon","E09000008","Known or believed to be other than English",36.22114351,36.22064526,36.30990885,37.28200261,37.74820448,37.2229064,36.58733611,-0.0004982499999997,-1.37557777506981e-05,0.0892635900000016,0.00246443953052872,0.97209376,0.0267721344059502,0.466201869999999,0.0125047432370211,-0.525298079999999,-0.0139158428125586,-0.635570289999997,-0.017074708867978
"42","London","E12000007",307,"Ealing","E09000009","Known or believed to be other than English",64.37918802,64.53670416,64.86041217,64.45232037,64.15251364,62.99358381,62.13646167,0.157516139999998,0.00244669348658241,0.323708010000004,0.00501587451998578,-0.408091800000008,-0.00629184715833125,-0.29980673,-0.00465160491164486,-1.15892983,-0.0180652286908582,-0.857122139999994,-0.0136064990775129
"43","London","E12000007",308,"Enfield","E09000010","Known or believed to be other than English",49.25760253,50.47619048,51.10756218,51.4343337,51.11459582,50.87360654,50.94690179,1.21858795,0.024739083662422,0.631371700000003,0.012508307263207,0.326771520000001,0.00639379978346682,-0.319737880000005,-0.00621642892984546,-0.240989280000001,-0.0047146862091729,0.073295250000001,0.00144073233617459
"44","London","E12000007",309,"Haringey","E09000014","Known or believed to be other than English",55.81143907,56.26443263,55.08971923,54.36085363,53.73994108,52.28466145,51.08067115,0.452993560000003,0.00811650026496984,-1.1747134,-0.0208784367866112,-0.728865599999999,-0.013230519417915,-0.62091255,-0.011422052976323,-1.45527963,-0.0270800376917719,-1.2039903,-0.0230276005736669
"45","London","E12000007",310,"Harrow","E09000015","Known or believed to be other than English",65.6328928,65.85576757,64.93896885,64.53252947,63.88963903,64.3907563,64.99472259,0.222874770000004,0.0033957785569373,-0.916798720000003,-0.0139213124959103,-0.406439379999995,-0.00625879017171975,-0.642890440000002,-0.00996226934353891,0.501117270000009,0.00784348256788091,0.603966289999988,0.00937970486300979
"46","London","E12000007",311,"Havering","E09000016","Known or believed to be other than English",16.91636852,19.26715887,21.5615485,22.5458933,23.67340025,24.55409726,26.21446711,2.35079035,0.138965425541581,2.29438963,0.119082924757136,0.984344799999999,0.0456527878783845,1.12750695,0.050009415683698,0.880697009999999,0.0372019651042735,1.66036985,0.0676208875618017
"47","London","E12000007",312,"Hillingdon","E09000017","Known or believed to be other than English",47.41508602,48.29299636,49.51124145,49.55228758,50.19404065,49.64682821,49.73577444,0.87791034,0.0185154222778314,1.21824509,0.0252261234924957,0.041046129999998,0.000829026475562107,0.64175307,0.0129510281228474,-0.547212439999996,-0.0109019404079396,0.0889462299999977,0.00179157930540429
"48","London","E12000007",313,"Hounslow","E09000018","Known or believed to be other than English",63.02058013,63.44170875,63.95307075,64.5706316,64.46481205,64.30262994,64.18981287,0.421128619999998,0.00668239833926133,0.511362000000005,0.00806034405559742,0.617560849999997,0.00965646907580269,-0.105819549999993,-0.00163881856778977,-0.162182110000003,-0.00251582382454186,-0.112817070000006,-0.00175447054195565
"49","London","E12000007",314,"Kingston upon Thames","E09000021","Known or believed to be other than English",35.67762269,35.52608311,35.46003119,35.26468799,35.21540247,34.23404405,35.17173284,-0.151539579999998,-0.00424746854118373,-0.0660519199999996,-0.00185925140678982,-0.195343200000003,-0.00550882764184065,-0.049285519999998,-0.0013975884322009,-0.981358419999999,-0.0278673066660538,0.937688789999996,0.0273905352411906
"50","London","E12000007",315,"Merton","E09000024","Known or believed to be other than English",47.35662769,47.31478931,46.58027358,46.08595146,45.75721544,44.64616941,44.19940804,-0.0418383800000015,-0.000883474648445802,-0.734515730000005,-0.0155240198828227,-0.49432212,-0.0106122631321823,-0.328736019999994,-0.00713310693575065,-1.11104603,-0.0242813296070624,-0.446761369999997,-0.0100067122421466
"51","London","E12000007",316,"Newham","E09000025","Known or believed to be other than English",74.16039375,74.04913688,73.33058419,73.33572434,72.3838836,72.20116032,71.50479947,-0.111256869999991,-0.00150021951575724,-0.71855269000001,-0.00970372809563543,0.00514015000000256,7.00955823109823e-05,-0.951840739999994,-0.0129792232716903,-0.182723280000005,-0.00252436413898086,-0.696360850000005,-0.00964473211945197
"52","London","E12000007",317,"Redbridge","E09000026","Known or believed to be other than English",65.83914737,66.2883959,66.6822352,66.32649669,66.07418338,64.68530281,63.43577348,0.449248529999991,0.00682342569649822,0.393839299999996,0.00594130080616412,-0.355738509999995,-0.00533483181739527,-0.252313310000005,-0.00380411031173981,-1.38888057,-0.0210200186964459,-1.24952932999999,-0.0193170515668796
"53","London","E12000007",318,"Richmond upon Thames","E09000027","Known or believed to be other than English",23.12715533,25.53312079,26.70432081,26.98825124,26.66136544,26.43253235,27.71005917,2.40596546,0.104032053474343,1.17120002,0.0458698343078648,0.283930430000002,0.0106323778844687,-0.326885799999999,-0.0121121519543109,-0.228833090000002,-0.00858294713055784,1.27752682,0.048331609059773
"54","London","E12000007",319,"Sutton","E09000029","Known or believed to be other than English",27.41318316,28.27734891,30.46726001,31.88443792,32.8626511,33.44377827,36.56857593,0.864165750000002,0.0315237287459907,2.1899111,0.0774440032186171,1.41717791,0.0465147804408684,0.978213180000001,0.0306799568634202,0.581127170000002,0.0176835145841293,3.12479766,0.0934343492763504
"55","London","E12000007",320,"Waltham Forest","E09000031","Known or believed to be other than English",54.03825445,53.50841819,50.89206922,49.02744885,47.7111919,45.18574678,44.25137445,-0.529836259999996,-0.00980483669194456,-2.61634897,-0.0488960253078264,-1.86462037,-0.0366387218790316,-1.31625695,-0.0268473473712062,-2.52544512,-0.0529319226669749,-0.934372330000002,-0.0206784748861022
"56","North East","E12000001",390,"Gateshead","E08000020","Known or believed to be other than English",6.741211487,7.356647763,8.483033932,8.659183422,9.563738,9.932377939,10.39681057,0.615436276,0.0912946103510963,1.126386169,0.153111336207385,0.17614949,0.0207649163509205,0.904554578000001,0.104461879823661,0.368639938999999,0.0385455915877243,0.464432630999999,0.0467594602070447
"57","North East","E12000001",391,"Newcastle upon Tyne","E08000021","Known or believed to be other than English",25.31721691,26.49647374,26.24945103,26.80591819,27.03631224,26.54684479,27.09567048,1.17925683,0.046579244242846,-0.24702271,-0.00932285225664144,0.55646716,0.0211991922941179,0.230394050000001,0.00859489491712132,-0.489467449999999,-0.0181040759425702,0.548825689999997,0.020673857640767
"58","North East","E12000001",392,"North Tyneside","E08000022","Known or believed to be other than English",4.563106796,4.634381013,4.788631478,4.580380011,4.95937406,4.829441252,5.262833549,0.071274217,0.0156196688323137,0.154250465000001,0.0332839411708509,-0.208251467,-0.0434887228129273,0.378994049,0.0827429270256677,-0.129932808,-0.0261994369507188,0.433392297,0.0897396353709699
"59","North East","E12000001",393,"South Tyneside","E08000023","Known or believed to be other than English",5.451876704,5.747716309,5.477210752,5.408960768,5.576208178,5.445467312,5.567284385,0.295839605,0.0542638106219359,-0.270505557,-0.0470631364628125,-0.0682499840000004,-0.0124607189845815,0.16724741,0.0309204331799657,-0.130740866,-0.0234461953045111,0.121817073,0.0223703616274687
"60","North East","E12000001",394,"Sunderland","E08000024","Known or believed to be other than English",5.744633522,5.750465958,5.914315569,5.881358797,5.823464258,5.637636081,5.974801922,0.00583243600000038,0.00101528426098273,0.163849611,0.0284932755357074,-0.0329567720000004,-0.00557237293402873,-0.0578945390000003,-0.00984373526565519,-0.185828176999999,-0.0319102459922747,0.337165841,0.0598062443470444
"61","North East","E12000001",805,"Hartlepool","E06000001","Known or believed to be other than English",3.726435774,3.834597224,4.367088608,4.570709718,4.740646259,4.648364869,4.621802613,0.10816145,0.0290254432277248,0.532491384000001,0.138865010558929,0.203621109999999,0.0466262831550954,0.169936541,0.0371794647843791,-0.0922813900000001,-0.01946599365536,-0.0265622560000001,-0.00571432250879101
"62","North East","E12000001",806,"Middlesbrough","E06000002","Known or believed to be other than English",16.51703921,18.57066477,18.83579054,19.54617082,19.94346734,19.66776566,19.76744186,2.05362556,0.124333758241408,0.265125770000001,0.0142765901643057,0.710380279999999,0.0377143862632908,0.397296520000001,0.0203260538168161,-0.275701680000001,-0.0138241598263625,0.0996762000000011,0.00506799815104168
"63","North East","E12000001",807,"Redcar and Cleveland","E06000003","Known or believed to be other than English",1.216648879,1.162790698,1.296268545,1.493321327,1.683296519,1.712434434,1.891659501,-0.0538581810000001,-0.0442676452751658,0.133477847,0.114790948387859,0.197052782,0.152015400481696,0.189975192,0.127216553172551,0.029137915,0.0173100310439126,0.179225067,0.104660980555825
"64","North East","E12000001",808,"Stockton-on-Tees","E06000004","Known or believed to be other than English",6.400449154,6.76285558,7.030897892,7.306846653,7.14465156,6.932409012,7.059428865,0.362406426,0.0566220303107184,0.268042312,0.039634487063821,0.275948761,0.0392480114544096,-0.162195093,-0.0221976867317186,-0.212242548,-0.0297064939021323,0.127019853,0.0183226137955982
"65","North East","E12000001",840,"County Durham","E06000047","Known or believed to be other than English",2.489424511,2.725228601,2.893241276,2.928731828,2.917122343,2.894254868,3.060928433,0.23580409,0.0947223299835179,0.168012675,0.06165085561569,0.0354905520000002,0.0122667101062055,-0.0116094850000001,-0.0039639972799859,-0.022867475,-0.00783905243291333,0.166673565,0.0575877290016188
"66","North East","E12000001",841,"Darlington","E06000005","Known or believed to be other than English",5.85252193,6.595947232,7.068428403,7.749675746,8.101321105,8.134502275,8.299731183,0.743425302,0.127026487195068,0.472481171,0.0716320422801102,0.681247343,0.0963788984140892,0.351645359,0.0453754931851829,0.0331811699999989,0.00409577272273778,0.165228908000001,0.0203121103681788
"67","North East","E12000001",929,"Northumberland","E06000048","Known or believed to be other than English",1.853672237,2.056820527,1.861137898,1.924619086,1.987139412,2.074468085,2.160397191,0.20314829,0.109592346448894,-0.195682629,-0.0951384072801993,0.0634811880000001,0.0341088041182858,0.062520326,0.0324845193808911,0.0873286729999998,0.0439469281685204,0.085929106,0.0414222357149448
"68","North West","E12000002",340,"Knowsley","E08000011","Known or believed to be other than English",3.145063739,3.309060743,3.830378867,4.033984942,4.574262882,5.258479212,6.116949609,0.163997004,0.0521442544920073,0.521318124,0.157542627497183,0.203606075,0.0531555968925515,0.54027794,0.133931570833315,0.68421633,0.1495795820333,0.858470397,0.163254500472484
"69","North West","E12000002",341,"Liverpool","E08000012","Known or believed to be other than English",15.61650353,16.81415929,18.00933818,18.94670174,19.72756138,19.65175944,20.75827348,1.19765576,0.0766916715831588,1.19517889,0.0710816918875521,0.937363560000001,0.0520487510774258,0.780859639999999,0.0412134866910086,-0.0758019400000016,-0.00384243843118138,1.10651404,0.0563061054852807
"70","North West","E12000002",342,"St. Helens","E08000013","Known or believed to be other than English",2.435635472,2.69058296,3.362453648,3.771090405,4.308476737,4.545161913,5.003215434,0.254947488,0.104673909922429,0.671870688,0.249711939006705,0.408636757,0.121529335353978,0.537386332000001,0.142501577604051,0.236685176,0.0549347693971313,0.458053521,0.100778262637879
"71","North West","E12000002",343,"Sefton","E08000014","Known or believed to be other than English",4.44572085,4.627075711,4.956943655,5.505823049,5.847213744,6.175709461,6.685982703,0.181354861,0.0407931282954934,0.329867944,0.0712908032206608,0.548879394,0.110729399444828,0.341390695,0.0620053881066893,0.328495717,0.0561798715391718,0.510273241999999,0.0826258497460749
"72","North West","E12000002",344,"Wirral","E08000015","Known or believed to be other than English",3.790412486,3.844920031,4.070126941,4.020283828,4.079842071,4.262295082,4.727931391,0.0545075449999999,0.0143803729017159,0.22520691,0.0585725862135622,-0.0498431129999997,-0.0122460831621516,0.0595582429999997,0.0148144373750916,0.182453011,0.0447206062942724,0.465636309000001,0.109245441726083
"73","North West","E12000002",350,"Bolton","E08000001","Known or believed to be other than English",27.93758058,28.91394505,30.02841285,29.98655164,30.83868444,31.11448467,31.70699502,0.97636447,0.0349480681479971,1.1144678,0.0385443009617949,-0.0418612100000004,-0.0013940533656943,0.852132800000003,0.0284171654757167,0.275800229999998,0.00894332021641835,0.592510350000001,0.0190429106020608
"74","North West","E12000002",351,"Bury","E08000002","Known or believed to be other than English",18.28793774,18.89446526,19.06296893,18.8425153,19.15358744,18.89674037,18.96383187,0.60652752,0.0331654409930204,0.16850367,0.00891814971640006,-0.220453630000002,-0.0115644961081097,0.31107214,0.0165090559857473,-0.256847069999999,-0.0134098675146153,0.0670915000000001,0.00355042714702864
"75","North West","E12000002",352,"Manchester","E08000003","Known or believed to be other than English",40.930529,41.85748757,41.59123042,41.91152074,42.20223258,41.94267809,42.99332698,0.926958570000004,0.0226471192199838,-0.266257150000001,-0.00636103993472443,0.320290319999998,0.00770090994581348,0.29071184,0.00693632287416732,-0.259554489999999,-0.00615025495411834,1.05064889,0.0250496376923174
"76","North West","E12000002",353,"Oldham","E08000004","Known or believed to be other than English",36.11861162,36.97560035,37.07373617,36.21393016,36.01961371,35.14590369,34.95833333,0.856988729999998,0.023727067336261,0.098135819999996,0.00265406968571359,-0.85980601,-0.0231917820760604,-0.194316449999995,-0.00536579291840097,-0.873710020000004,-0.0242565072194941,-0.187570359999995,-0.00533690530920576
"77","North West","E12000002",354,"Rochdale","E08000005","Known or believed to be other than English",27.04042938,28.50894632,28.67126681,28.30612155,28.29708874,27.62030905,27.32171018,1.46851694,0.0543081960483277,0.162320489999999,0.0056936685129652,-0.365145259999998,-0.0127355816685659,-0.00903281000000078,-0.000319111538613483,-0.67677969,-0.023916937046719,-0.298598869999999,-0.01081084463825
"78","North West","E12000002",355,"Salford","E08000006","Known or believed to be other than English",18.00435081,18.77049636,19.00584795,19.31676502,19.8588333,19.78654215,20.82225914,0.766145550000001,0.0425533560240599,0.23535159,0.0125383786068404,0.310917069999999,0.0163590212243068,0.542068280000002,0.0280620631580268,-0.0722911500000016,-0.00364025161538577,1.03571699,0.052344516901858
"79","North West","E12000002",356,"Stockport","E08000007","Known or believed to be other than English",8.59937441,9.370267233,10.14742485,10.26909755,10.59371803,10.69600428,11.87051725,0.770892823000001,0.0896452214132633,0.777157617,0.0829386822889131,0.1216727,0.0119905002302135,0.32462048,0.0316113931549905,0.102286250000001,0.00965536837117427,1.17451297,0.109808573300234
"80","North West","E12000002",357,"Tameside","E08000008","Known or believed to be other than English",14.24065421,14.29792082,14.24916181,14.30011395,14.67534753,14.93234823,15.34561586,0.0572666099999992,0.00402134685355858,-0.0487590099999995,-0.00341021681500678,0.0509521399999997,0.00357579910168763,0.37523358,0.0262399013960305,0.257000700000001,0.0175124098066249,0.41326763,0.0276759973471366
"81","North West","E12000002",358,"Trafford","E08000009","Known or believed to be other than English",18.11433248,19.47389308,19.91086643,20.23618287,20.95626519,21.32578749,23.40867758,1.3595606,0.0750544134872807,0.436973349999999,0.0224389313531138,0.325316440000002,0.0163386380569478,0.720082319999999,0.0355839006113903,0.3695223,0.0176330227094249,2.08289009,0.0976700199688616
"82","North West","E12000002",359,"Wigan","E08000010","Known or believed to be other than English",4.278485588,4.675266904,5.561524137,6.100256703,6.687386132,7.34773499,8.073675015,0.396781316,0.0927387291224879,0.886257233,0.189562917197679,0.538732566,0.0968677924844184,0.587129429,0.0962466757687853,0.660348858,0.0987454358049023,0.725940024999999,0.0987977963260756
"83","North West","E12000002",876,"Halton","E06000006","Known or believed to be other than English",1.941189984,2.103946321,2.614068441,3.065498858,3.462379911,3.669374104,3.935564773,0.162756337,0.0838435899327204,0.51012212,0.24245966492032,0.451430417,0.172692654071179,0.396881053,0.129467036650255,0.206994193,0.0597837898557516,0.266190669,0.07254388935427
"84","North West","E12000002",877,"Warrington","E06000007","Known or believed to be other than English",7.437520826,7.723603911,9.093296911,9.440337909,9.774635909,9.580449827,12.0143615,0.286083085,0.0384648448983045,1.369693,0.177338586465999,0.347040998000001,0.0381644854882272,0.334298,0.0354116561528264,-0.194186082,-0.0198663238004807,2.433911673,0.254049832413991
"85","North West","E12000002",888,"Lancashire","E10000017","Known or believed to be other than English",12.45946743,12.83392038,13.33796182,13.60732664,13.66483522,13.5237982,13.55315712,0.37445295,0.0300536882578456,0.50404144,0.0392741598105504,0.26936482,0.0201953509565527,0.0575085800000004,0.00422629525412792,-0.141037020000001,-0.0103211650729295,0.02935892,0.00217090787409117
"86","North West","E12000002",889,"Blackburn with Darwen","E06000008","Known or believed to be other than English",42.35116205,43.17505093,42.7869898,42.15736365,42.83050412,42.80940837,43.20416802,0.823888879999998,0.0194537490854988,-0.388061129999997,-0.00898808737085599,-0.62962615,-0.0147153644821258,0.67314047,0.0159673284028993,-0.0210957500000006,-0.000492540315213097,0.394759649999997,0.00922132925986983
"87","North West","E12000002",890,"Blackpool","E06000009","Known or believed to be other than English",5.987582869,6.856540084,7.695581851,8.203712995,8.214704405,8.313232254,8.761511318,0.868957215,0.145126545053585,0.839041767,0.122371014640159,0.508131144,0.0660289441186271,0.0109914100000008,0.00133980918234217,0.0985278489999999,0.0119940833099277,0.448279063999999,0.0539235582867669
"88","North West","E12000002",895,"Cheshire East","E06000049","Known or believed to be other than English",6.271993376,6.471351001,6.899371892,7.204144407,7.323797477,7.531108873,8.356626506,0.199357625,0.0317853691878644,0.428020890999999,0.0661408863363861,0.304772515000001,0.0441739508712949,0.11965307,0.0166089216484525,0.207311396,0.0283065440642031,0.825517633,0.109614353864885
"89","North West","E12000002",896,"Cheshire West and Chester","E06000050","Known or believed to be other than English",4.628801431,4.890328795,5.435615294,5.711221807,6.064880113,5.881129787,6.385766499,0.261527364,0.0565000179632895,0.545286498999999,0.111503034224921,0.275606513,0.0507038298505458,0.353658306,0.0619234058755232,-0.183750326,-0.0302974374721989,0.504636712,0.0858060832317421
"90","North West","E12000002",909,"Cumbria","E10000006","Known or believed to be other than English",3.24438156,3.367463026,3.542595187,3.725270813,3.777681285,3.617131063,3.832211289,0.123081466,0.0379368035860739,0.175132161,0.0520071518670923,0.182675626,0.051565481337058,0.052410472,0.0140689025391401,-0.160550222,-0.0424996737118864,0.215080226,0.0594615517806577
"91","South East","E12000008",825,"Buckinghamshire","E10000002","Known or believed to be other than English",16.7519685,17.50792557,18.2438939,18.04124839,18.02625821,18.08026844,18.38389179,0.755957070000001,0.045126462003555,0.735968329999999,0.0420362953370722,-0.20264551,-0.0111075799448713,-0.0149901799999981,-0.000830883743516713,0.0540102299999994,0.00299619751202928,0.303623349999999,0.0167930775479127
"92","South East","E12000008",826,"Milton Keynes","E06000042","Known or believed to be other than English",27.36258101,28.19413093,28.59226842,28.47696635,29.0841719,29.1017075,30.07902959,0.83154992,0.0303900395834772,0.39813749,0.014121289675092,-0.115302069999998,-0.00403263107027024,0.60720555,0.0213226908560785,0.0175355999999987,0.000602925882170248,0.977322090000001,0.0335829809986236
"93","South East","E12000008",845,"East Sussex","E10000011","Known or believed to be other than English",6.018503999,6.136293555,6.42478639,6.726548426,6.917416609,6.757562404,6.625508998,0.117789556,0.0195712349812464,0.288492835,0.0470141841185107,0.301762036,0.0469684153966089,0.190868183,0.0283753525451836,-0.159854205,-0.0231089457286727,-0.132053406,-0.0195415740329432
"94","South East","E12000008",846,"Brighton and Hove","E06000043","Known or believed to be other than English",13.69760479,14.04046597,14.42935628,14.3832738,14.90808628,15.25184542,15.28634117,0.34286118,0.0250307396991266,0.388890310000001,0.0276978207725396,-0.0460824800000008,-0.00319366152625076,0.52481248,0.0364876930869521,0.343759140000001,0.0230585692585622,0.0344957499999996,0.00226174269736335
"95","South East","E12000008",850,"Hampshire","E10000014","Known or believed to be other than English",6.364824881,6.77194048,7.288461356,7.56293014,7.84510867,7.985598661,8.470109923,0.407115599,0.0639633621681099,0.516520876,0.0762736880995151,0.274468784,0.037657987137992,0.28217853,0.0373107413101135,0.140489991,0.0179079725864396,0.484511262000001,0.0606731295383341
"96","South East","E12000008",851,"Portsmouth","E06000044","Known or believed to be other than English",16.70477061,17.46495765,18.6398595,19.5304878,19.73562295,20.13527901,20.98843058,0.760187039999998,0.0455071822144583,1.17490185,0.0672719552801207,0.890628299999999,0.0477808483481326,0.20513515,0.0105033295686552,0.399656060000002,0.0202504912569786,0.853151569999998,0.0423709832665486
"97","South East","E12000008",852,"Southampton","E06000045","Known or believed to be other than English",27.28458719,28.48975703,30.59705124,30.59791818,30.62451134,30.02136221,31.16017704,1.20516984,0.0441703527199306,2.10729421,0.0739667315442879,0.000866940000001648,2.83341029565713e-05,0.0265931600000009,0.00086911664524233,-0.603149130000002,-0.0196949797273076,1.13881483,0.037933482899076
"98","South East","E12000008",867,"Bracknell Forest","E06000036","Known or believed to be other than English",13.53240905,12.72876584,13.11688312,13.25460557,13.89311525,13.79907621,14.94775542,-0.803643210000001,-0.059386559113804,0.388117280000001,0.0304913520194037,0.13772245,0.0104996323242377,0.638509679999999,0.0481726654654423,-0.0940390399999984,-0.00676875116255862,1.14867921,0.0832431963211832
"99","South East","E12000008",868,"Windsor and Maidenhead","E06000040","Known or believed to be other than English",17.52675386,17.23300971,17.87222066,17.0441989,17.10635169,16.13113533,16.89079638,-0.293744149999998,-0.0167597578163284,0.639210949999999,0.0370922410395368,-0.828021759999999,-0.0463300994180988,0.062152789999999,0.00364656563588911,-0.975216360000001,-0.0570090208404923,0.759661050000002,0.0470928446423245
"100","South East","E12000008",869,"West Berkshire","E06000037","Known or believed to be other than English",8.435916003,8.665312252,9.444886734,9.913761867,10.57538237,10.4510451,11.34065934,0.229396248999999,0.0271928085721124,0.779574482000001,0.0899649613688267,0.468875132999999,0.0496432774902559,0.661620503,0.0667375827537617,-0.12433727,-0.0117572363485142,0.88961424,0.0851220362641053
"101","South East","E12000008",870,"Reading","E06000038","Known or believed to be other than English",34.59800414,34.79325354,35.93892274,36.75010488,36.50409398,36.73938002,37.82147182,0.195249400000002,0.00564337177398816,1.1456692,0.032927912265603,0.81118214,0.0225711311902278,-0.246010900000002,-0.0066941550453611,0.235286039999998,0.0064454699280828,1.0820918,0.0294531861836247
"102","South East","E12000008",871,"Slough","E06000039","Known or believed to be other than English",60.09529482,59.20199501,57.63326821,57.1182485,56.5431546,55.2066021,55.22243161,-0.893299810000002,-0.0148647213176281,-1.5687268,-0.026497870548704,-0.515019709999997,-0.00893615312814476,-0.575093899999999,-0.010068479253176,-1.3365525,-0.0236377419946782,0.0158295100000032,0.000286732191402217
"103","South East","E12000008",872,"Wokingham","E06000041","Known or believed to be other than English",17.02980215,18.18329939,18.75938622,19.19087805,20.27963058,20.78925698,22.34398217,1.15349724,0.0677340364755794,0.576086830000001,0.0316821946140767,0.431491829999999,0.0230013831444001,1.08875253,0.0567328147864501,0.509626400000002,0.0251299646701948,1.55472519,0.0747850291857809
"104","South East","E12000008",886,"Kent","E10000016","Known or believed to be other than English",11.16082427,11.73116793,12.16946239,12.47291134,12.71020453,12.77922402,13.39475877,0.570343659999999,0.051102288343798,0.43829446,0.037361536601923,0.30344895,0.0249352798238115,0.237293190000001,0.0190246834545367,0.0690194899999987,0.00543024227793435,0.61553475,0.0481668330593989
"105","South East","E12000008",887,"Medway","E06000035","Known or believed to be other than English",13.35275796,13.08951858,13.58573749,14.06782909,14.16949929,14.26983092,15.44629349,-0.26323938,-0.019714232878973,0.49621891,0.0379096379265004,0.4820916,0.035485125511578,0.101670199999999,0.00722714210910272,0.100331630000001,0.00708081689737685,1.17646257,0.0824440441232642
"106","South East","E12000008",921,"Isle of Wight","E06000046","Known or believed to be other than English",3.427851292,3.613244366,3.721332756,3.348037552,3.266807894,3.394784173,3.767162147,0.185393074,0.0540843397823804,0.10808839,0.0299144976235465,-0.373295204,-0.100312234480544,-0.0812296580000003,-0.0242618718393635,0.127976279,0.0391747183037756,0.372377974,0.109691207164704
"107","South East","E12000008",931,"Oxfordshire","E10000025","Known or believed to be other than English",13.62044818,14.35722776,14.88613561,15.03108103,15.13291303,15.1735876,15.52467395,0.73677958,0.0540936370274418,0.52890785,0.0368391348832373,0.144945419999999,0.00973694072104447,0.101832,0.00677476222746435,0.0406745700000002,0.00268782156610334,0.351086350000001,0.0231379920988495
"108","South East","E12000008",936,"Surrey","E10000030","Known or believed to be other than English",12.67289617,13.40424964,14.08740859,14.45338157,14.48597128,14.31544891,15.04423823,0.73135347,0.0577100498725226,0.683158950000001,0.0509658480219114,0.365972979999999,0.0259787297047511,0.0325897099999999,0.00225481558361708,-0.170522369999999,-0.0117715524008687,0.728789319999999,0.0509092886001574
"109","South East","E12000008",938,"West Sussex","E10000032","Known or believed to be other than English",11.06177899,11.58414742,11.73204177,11.9392674,12.13034122,12.1383367,12.34811267,0.52236843,0.0472228228815843,0.14789435,0.0127669602809664,0.20722563,0.0176632195880769,0.19107382,0.0160038144383968,0.00799547999999994,0.000659130675303456,0.209775970000001,0.0172821017561657
"110","South West","E12000009",800,"Bath and North East Somerset","E06000022","Known or believed to be other than English",6.228118666,6.53724605,7.157584683,7.354790973,7.824610615,7.553317536,7.760401298,0.309127384,0.0496341512706816,0.620338632999999,0.0948929607751263,0.19720629,0.0275520722050814,0.469819642,0.0638794010223736,-0.271293079,-0.0346717673694744,0.207083762,0.0274162659007799
"111","South West","E12000009",801,"Bristol, City of","E06000023","Known or believed to be other than English",21.41382502,22.19953628,22.2754491,22.404802,22.25929845,21.45805429,21.90402262,0.785711259999999,0.0366917754892535,0.0759128199999992,0.00341956782531492,0.129352900000001,0.00580697158648984,-0.145503550000001,-0.00649430198044155,-0.80124416,-0.0359959305006758,0.445968329999999,0.0207832604006334
"112","South West","E12000009",802,"North Somerset","E06000024","Known or believed to be other than English",5.252960172,5.761316872,6.142857143,6.377010705,6.538747073,6.547033285,6.915111449,0.5083567,0.0967752816230567,0.381540271,0.0662244898999195,0.234153562,0.0381180217200438,0.161736368,0.0253624112428081,0.00828621200000068,0.00126724767107392,0.368078164,0.056220603741745
"113","South West","E12000009",803,"South Gloucestershire","E06000025","Known or believed to be other than English",7.366386291,7.968539791,8.793080854,9.15474529,9.484908419,9.750508064,11.17398065,0.6021535,0.0817434052753506,0.824541062999999,0.103474549243171,0.361664436,0.0411305709574452,0.330163129000001,0.0360646985296956,0.265599645,0.0280023415374212,1.423472586,0.145989580917904
"114","South West","E12000009",835,"Dorset","E10000009","Known or believed to be other than English",3.188822874,3.375391416,3.550565207,3.626386277,NA,NA,NA,0.186568542,0.0585070257495901,0.175173791,0.0518973266832531,0.0758210699999999,0.0213546479446476,NA,NA,NA,NA,NA,NA
"115","South West","E12000009",836,"Poole","E06000029","Known or believed to be other than English",9.317707125,10.26306876,10.67016099,10.94374709,NA,NA,NA,0.945361634999999,0.101458612330016,0.40709223,0.0396657412631424,0.273586100000001,0.0256402972978949,NA,NA,NA,NA,NA,NA
"116","South West","E12000009",837,"Bournemouth","E06000028","Known or believed to be other than English",18.74448259,20.26448483,21.18984991,21.91336576,NA,NA,NA,1.52000224,0.0810906480187886,0.925365079999999,0.0456643772473341,0.723515850000002,0.03414445373955,NA,NA,NA,NA,NA,NA
"117","South West","E12000009",838,"Dorset","E06000059","Known or believed to be other than English",NA,NA,NA,NA,3.782778172,0,0,NA,NA,NA,NA,NA,NA,NA,NA,-3.782778172,-1,0,NA
"118","South West","E12000009",839,"Bournemouth, Christchurch and Poole","E06000058","Known or believed to be other than English",NA,NA,NA,NA,15.59107584,0,0,NA,NA,NA,NA,NA,NA,NA,NA,-15.59107584,-1,0,NA
"119","South West","E12000009",865,"Wiltshire","E06000054","Known or believed to be other than English",5.653710247,5.903249722,6.133560407,6.228151347,6.508122422,6.506893112,6.641600783,0.249539475,0.0441372946433559,0.230310685,0.0390142202762806,0.0945909399999998,0.0154218649077046,0.279971075,0.0449525163088494,-0.00122930999999937,-0.000188888579576165,0.134707671,0.0207023027244097
"120","South West","E12000009",866,"Swindon","E06000030","Known or believed to be other than English",17.50972763,18.77782521,20.5415455,21.75960814,22.86511628,23.1887456,23.98954541,1.26809758,0.0724224617764656,1.76372029,0.093925695349467,1.21806264,0.0592975168299775,1.10550814,0.0508055169416299,0.323629320000002,0.0141538453615073,0.800799810000001,0.0345339857452229
"121","South West","E12000009",878,"Devon","E10000008","Known or believed to be other than English",3.757988179,3.96022703,4.241494605,4.288152953,4.247690916,4.211650051,4.420428855,0.202238851,0.0538157230323742,0.281267575,0.0710230935926923,0.0466583480000002,0.0110004496870037,-0.0404620370000002,-0.00943577280089621,-0.0360408649999995,-0.00848481344634622,0.208778804,0.0495717358925459
"122","South West","E12000009",879,"Plymouth","E06000026","Known or believed to be other than English",7.308714919,7.528622644,8.002233181,8.046834912,8.237547893,8.206097849,8.524590164,0.219907725000001,0.0300884255901568,0.473610536999999,0.0629079925233664,0.0446017310000002,0.00557366050090864,0.190712981000001,0.0237003720202581,-0.0314500439999996,-0.0038178890621959,0.318492314999999,0.0388116643087323
"123","South West","E12000009",880,"Torbay","E06000027","Known or believed to be other than English",5.738705739,5.382470602,5.413924168,5.398953264,5.507033189,5.019341447,4.983831082,-0.356235137000001,-0.0620758674868171,0.0314535660000006,0.0058437041882427,-0.0149709040000001,-0.00276525927135966,0.108079925,0.0200186813471183,-0.487691742,-0.088557981269141,-0.0355103650000004,-0.00707470598981157
"124","South West","E12000009",908,"Cornwall","E06000052","Known or believed to be other than English",2.528552926,2.657378741,2.75462963,2.786576688,2.813574868,2.827322278,2.746477244,0.128825815,0.0509484352395161,0.0972508890000001,0.0365965481320151,0.0319470579999996,0.0115975874404573,0.0269981800000001,0.00968865494219626,0.0137474100000001,0.00488610065307142,-0.0808450340000002,-0.0285942054179931
"125","South West","E12000009",916,"Gloucestershire","E10000013","Known or believed to be other than English",7.505678299,7.958834482,8.22313963,8.36317455,8.647982625,8.561879896,8.688750574,0.453156183,0.0603751140067347,0.264305148,0.0332090268490647,0.14003492,0.0170293739740377,0.284808074999999,0.0340550198130205,-0.0861027289999985,-0.00995639477247429,0.126870678,0.0148180866282966
"126","South West","E12000009",933,"Somerset","E10000027","Known or believed to be other than English",6.641623789,7.264139294,7.705362345,7.996689987,8.207755676,8.522540309,8.833044918,0.622515505,0.0937294138868606,0.441223051000001,0.0607398940387115,0.291327642,0.0378084285924648,0.211065689,0.0263941317398978,0.314784633,0.0383520959231828,0.310504609000001,0.0364333400303312
"127","West Midlands","E12000005",330,"Birmingham","E08000025","Known or believed to be other than English",43.01851098,43.96024301,44.07881756,43.37672912,43.22362899,42.30436296,42.20912924,0.941732029999997,0.0218913209347907,0.118574549999998,0.00269731334226303,-0.702088439999997,-0.0159280234558088,-0.153100129999999,-0.00352954529089672,-0.919266030000003,-0.0212676735267342,-0.095233719999996,-0.00225115598809613
"128","West Midlands","E12000005",331,"Coventry","E08000026","Known or believed to be other than English",33.07796664,33.70943352,34.24267833,34.43441065,34.43884399,33.90056319,34.37870362,0.631466879999998,0.0190902568731776,0.533244809999999,0.0158188600138778,0.19173232,0.00559922089482186,0.00443334000000561,0.000128747375556016,-0.538280800000003,-0.0156300484463504,0.478140430000003,0.0141042031461308
"129","West Midlands","E12000005",332,"Dudley","E08000027","Known or believed to be other than English",13.8156707,14.07140313,13.32942273,12.73736889,12.11334856,11.35864449,10.87070319,0.25573243,0.0185103159704002,-0.741980400000001,-0.0527296669099126,-0.592053839999998,-0.0444170653142755,-0.62402033,-0.0489913054563344,-0.754704070000001,-0.0623035047874492,-0.487941299999999,-0.0429577050703168
"130","West Midlands","E12000005",333,"Sandwell","E08000028","Known or believed to be other than English",32.49568026,32.89278343,32.8337728,32.52572099,33.32268115,32.4144461,32.53227247,0.397103170000001,0.0122201833235296,-0.0590106300000031,-0.00179402968817112,-0.308051809999995,-0.00938216305133216,0.796960159999998,0.0245024594610838,-0.908235050000002,-0.027255761501052,0.117826370000003,0.003634995632395
"131","West Midlands","E12000005",334,"Solihull","E08000029","Known or believed to be other than English",7.841754296,9.912390488,10.9632174,11.01458855,11.1705121,11.32485702,13.10650198,2.070636192,0.264052674164531,1.050826912,0.106011452360774,0.0513711499999996,0.00468577317457917,0.155923550000001,0.0141560939196408,0.15434492,0.0138171749529728,1.78164496,0.157321629478727
"132","West Midlands","E12000005",335,"Walsall","E08000030","Known or believed to be other than English",24.0370665,24.39904945,24.46058236,24.6421478,24.84590499,24.92233345,25.58003844,0.361982949999998,0.0150593646691454,0.0615329100000004,0.00252193882085847,0.18156544,0.00742277666687573,0.203757190000001,0.00826864572251291,0.0764284599999989,0.00307609885937984,0.657704989999999,0.0263901849848654
"133","West Midlands","E12000005",336,"Wolverhampton","E08000031","Known or believed to be other than English",27.24581517,28.57290216,28.59899653,29.33109858,29.99774028,29.26515639,29.43008292,1.32708699,0.0487079201602028,0.0260943699999991,0.000913255848281641,0.732102049999998,0.0255988719475535,0.6666417,0.0227281531300898,-0.732583889999997,-0.0244213025101902,0.164926529999999,0.00563559366647891
"134","West Midlands","E12000005",860,"Staffordshire","E10000028","Known or believed to be other than English",6.77484555,7.521393184,7.797326271,7.877334838,7.804901156,7.77555619,7.94089624,0.746547634,0.110194044792652,0.275933087,0.0366864329851793,0.0800085670000001,0.0102610259234079,-0.0724336820000007,-0.00919520161191867,-0.029344966,-0.00375981263740171,0.16534005,0.0212640801455002
"135","West Midlands","E12000005",861,"Stoke-on-Trent","E06000021","Known or believed to be other than English",20.66496719,21.54655445,21.76336657,22.12251874,22.5627177,22.65337178,23.32647379,0.88158726,0.0426609561919174,0.21681212,0.0100624960943581,0.359152170000002,0.016502601692841,0.44019896,0.019898229725717,0.0906540800000002,0.00401787059543807,0.673102010000001,0.0297131048100426
"136","West Midlands","E12000005",884,"Herefordshire, County of","E06000019","Known or believed to be other than English",8.127920828,9.008361054,9.848879625,10.07470806,10.16998614,10.25866491,10.24942977,0.880440225999999,0.108322933334557,0.840518571,0.0933042721047225,0.225828435,0.022929352738434,0.0952780799999999,0.00945715542649679,0.0886787699999996,0.00871965495127013,-0.00923513999999948,-0.000900228253970669
"137","West Midlands","E12000005",885,"Worcestershire","E10000034","Known or believed to be other than English",8.221987634,8.90682231,9.045936396,9.064697609,8.875020452,8.664582403,8.832695849,0.684834676000001,0.0832930802727113,0.139114085999999,0.0156188235442635,0.0187612129999994,0.00207399346830422,-0.189677157,-0.0209248190266906,-0.210438048999999,-0.0237112748233246,0.168113446,0.019402371422054
"138","West Midlands","E12000005",893,"Shropshire","E06000051","Known or believed to be other than English",3.460710754,3.728754769,4.116158252,4.368696878,4.470794906,4.351283297,4.437428747,0.268044015,0.0774534579898613,0.387403483,0.103896208520008,0.252538626,0.0613529924116241,0.102098028,0.0233703621128187,-0.119511609,-0.0267316241323462,0.0861454500000001,0.0197977111854319
"139","West Midlands","E12000005",894,"Telford and Wrekin","E06000020","Known or believed to be other than English",9.789343247,11.27678705,12.50437828,13.50318471,14.16613751,14.39310064,15.53667418,1.487443803,0.151945208730508,1.22759123,0.108860017002804,0.99880643,0.0798765366525684,0.662952800000001,0.0490960328424628,0.22696313,0.0160215252633108,1.14357354,0.0794528968151507
"140","West Midlands","E12000005",937,"Warwickshire","E10000031","Known or believed to be other than English",9.777716416,10.47524059,11.38184684,12.03918424,12.26633743,12.35962364,13.03008102,0.697524174,0.0713381473059077,0.906606249999999,0.0865475348475981,0.657337400000001,0.0577531405263578,0.227153189999999,0.0188678223932554,0.0932862100000005,0.00760505819543564,0.67045738,0.0542457763705821
"141","Yorkshire and The Humber","E12000003",370,"Barnsley","E08000016","Known or believed to be other than English",5.296477372,5.839060884,6.093090167,6.467868701,6.60359859,6.592839379,6.835205993,0.542583512,0.102442335516883,0.254029282999999,0.0435051608549043,0.374778534000001,0.0615087785882097,0.135729888999999,0.0209852573196197,-0.0107592109999999,-0.00162929512649252,0.242366614,0.0367620990088131
"142","Yorkshire and The Humber","E12000003",371,"Doncaster","E08000017","Known or believed to be other than English",9.829079412,10.43027709,10.91027576,11.32354458,12.01974897,12.24352148,13.21100271,0.601197678,0.0611652071165503,0.479998669999999,0.0460197428944813,0.413268820000001,0.0378788610930583,0.69620439,0.0614829027325647,0.22377251,0.0186170701699771,0.967481230000001,0.0790198499329133
"143","Yorkshire and The Humber","E12000003",372,"Rotherham","E08000018","Known or believed to be other than English",11.23752392,11.43163484,11.43879517,11.51793423,11.59125369,11.46861032,11.8724778,0.19411092,0.0172734600061256,0.00716033000000138,0.000626360979879006,0.0791390599999993,0.00691847863554316,0.0733194600000004,0.0063656779536933,-0.12264337,-0.0105806820625285,0.403867480000001,0.0352150320510672
"144","Yorkshire and The Humber","E12000003",373,"Sheffield","E08000019","Known or believed to be other than English",22.38002895,22.99571809,23.07773043,23.46625767,23.40067694,23.11132988,23.61909629,0.615689140000001,0.0275106498465902,0.0820123399999986,0.00356641787305884,0.388527240000002,0.0168355914017842,-0.0655807300000006,-0.00279468208873548,-0.289347060000001,-0.0123649012693904,0.507766410000002,0.0219704539996814
"145","Yorkshire and The Humber","E12000003",380,"Bradford","E08000032","Known or believed to be other than English",42.63187823,42.29326975,41.28424917,40.46465295,39.39022522,37.83844922,37.70085231,-0.338608479999998,-0.00794261229057742,-1.00902058,-0.0238577103630063,-0.819596220000001,-0.0198525160679336,-1.07442773,-0.0265522536750189,-1.551776,-0.0393949511924115,-0.137596909999999,-0.00363643100698933
"146","Yorkshire and The Humber","E12000003",381,"Calderdale","E08000033","Known or believed to be other than English",16.68417475,16.63485809,16.34563279,16.0905309,15.68813763,14.82623895,14.75143052,-0.0493166599999988,-0.00295589447719006,-0.289225300000002,-0.0173867007722698,-0.255101889999999,-0.0156067307566132,-0.402393270000001,-0.025008079130565,-0.861898679999999,-0.0549395154687969,-0.0748084300000009,-0.00504567815561889
"147","Yorkshire and The Humber","E12000003",382,"Kirklees","E08000034","Known or believed to be other than English",27.52552823,29.31208902,29.60283367,28.67846204,27.72819109,26.05457132,25.26658845,1.78656079,0.0649055950923707,0.290744650000001,0.00991893309963756,-0.92437163,-0.03122578197427,-0.95027095,-0.0331353525399858,-1.67361977,-0.0603580581426236,-0.78798287,-0.0302435553562583
"148","Yorkshire and The Humber","E12000003",383,"Leeds","E08000035","Known or believed to be other than English",20.23967558,20.79920751,22.29219987,22.71536651,22.58681109,21.8593811,22.21608216,0.559531929999999,0.0276453013186093,1.49299236,0.0717812137449078,0.423166639999998,0.018982722318468,-0.128555419999998,-0.00565940329174983,-0.727429990000001,-0.0322059624575361,0.356701059999999,0.0163179853248452
"149","Yorkshire and The Humber","E12000003",384,"Wakefield","E08000036","Known or believed to be other than English",9.851749698,10.73366163,11.08780157,11.32307314,11.39757851,11.29126722,11.77342182,0.881911932,0.0895183047716931,0.35413994,0.0329933951905282,0.23527157,0.0212189556707588,0.0745053700000007,0.00657996014675577,-0.106311290000001,-0.00932753302876794,0.482154599999999,0.0427015489586473
"150","Yorkshire and The Humber","E12000003",810,"Kingston upon Hull, City of","E06000010","Known or believed to be other than English",15.28493282,15.92093719,16.06990952,16.88706081,17.19703406,17.36026192,17.79884357,0.63600437,0.0416098897842588,0.148972329999999,0.00935700758203917,0.817151290000002,0.050849775413048,0.309973249999999,0.0183556661213917,0.163227859999999,0.00949162858144617,0.43858165,0.0252635387657792
"151","Yorkshire and The Humber","E12000003",811,"East Riding of Yorkshire","E06000011","Known or believed to be other than English",3.770293191,3.913988886,4.306759436,4.481792717,4.505528978,4.554635827,4.667430739,0.143695695,0.0381126049674368,0.39277055,0.100350451020673,0.175033281,0.0406415272552502,0.0237362609999998,0.00529615323572757,0.0491068490000002,0.0108992416295142,0.112794912,0.0247648585494693
"152","Yorkshire and The Humber","E12000003",812,"North East Lincolnshire","E06000012","Known or believed to be other than English",4.889478338,5.726756875,6.523790268,6.708057768,6.666216854,6.44829007,6.931442731,0.837278537,0.171240872567703,0.797033393,0.139177096286281,0.1842675,0.0282454665815752,-0.0418409139999998,-0.00623741110274824,-0.217926784,-0.0326912233389521,0.483152661,0.0749272529236577
"153","Yorkshire and The Humber","E12000003",813,"North Lincolnshire","E06000013","Known or believed to be other than English",10.5108986,11.03735852,11.84969138,12.21561795,12.34542457,12.61299138,13.04838482,0.526459919999999,0.0500870515485706,0.81233286,0.0735984845040623,0.365926570000001,0.0308806835777693,0.12980662,0.0106262835438464,0.26756681,0.02167335829423,0.43539344,0.0345194432377389
"154","Yorkshire and The Humber","E12000003",815,"North Yorkshire","E10000023","Known or believed to be other than English",4.217897116,4.577320713,5.346556474,5.311600729,5.494309704,5.473263054,5.822455479,0.359423597,0.0852139317567935,0.769235761,0.168053717279478,-0.0349557449999995,-0.00653799228905321,0.182708975,0.0343981003697162,-0.0210466499999997,-0.00383062680006502,0.349192425,0.0637996788304924
"155","Yorkshire and The Humber","E12000003",816,"York","E06000014","Known or believed to be other than English",7.621924903,8.514431239,9.032346491,9.085307408,9.486984741,8.916883665,9.226594301,0.892506336,0.117097235587917,0.517915252,0.0608279328897168,0.0529609170000001,0.00586347269259116,0.401677333,0.0442117492520183,-0.570101076,-0.0600929685842319,0.309710636,0.0347330578300194
