"","la_name","index","201516_language","201617_language","201718_language","201819_language","201920_language","202021_language","202122_language","YOY21to22_language","YOYperc21to22_language","YOY16to17_language","YOYperc16to17_language","YOY17to18_language","YOYperc17to18_language","YOY18to19_language","YOYperc18to19_language","YOY19to20_language","YOYperc19to20_language","YOY20to21_language","YOYperc20to21_language","region_name","region_code","old_la_code","new_la_code","language","201516_esl","201617_esl","201718_esl","201819_esl","201920_esl","202021_esl","202122_esl","YOY16to17_esl","YOYperc16to17_esl","YOY17to18_esl","YOYperc17to18_esl","YOY18to19_esl","YOYperc18to19_esl","YOY19to20_esl","YOYperc19to20_esl","YOY20to21_esl","YOYperc20to21_esl","YOY21to22_esl","YOYperc21to22_esl"
"1","Barking and Dagenham",1,241,299,285,287,282,316,319,3,0.009493670886,58,0.2406639004,-14,-0.04682274247,2,0.00701754386,-5,-0.01742160279,34,0.1205673759,"London","E12000007",301,"E09000002","Known or believed to be other than English",54.36851002,56.4101343,56.46624118,55.61156299,54.39312651,52.77811112,51.13848906,2.04162428,0.0375515952018727,0.0561068799999944,0.000994624116681006,-0.854678189999994,-0.0151360914440098,-1.21843648,-0.0219097686612243,-1.61501539,-0.0296915344570805,-1.63962206,-0.0310663270284918
"2","Barnet",2,254,239,241,250,234,209,244,35,0.1674641148,-15,-0.05905511811,2,0.008368200837,9,0.03734439834,-16,-0.064,-25,-0.1068376068,"London","E12000007",302,"E09000003","Known or believed to be other than English",48.71720957,51.02404997,51.61076996,50.99601594,53.57960326,52.79634075,53.40378631,2.3068404,0.0473516529448466,0.586719989999999,0.0114988910199203,-0.614754019999999,-0.0119113514577762,2.58358732,0.0506625325994045,-0.78326251,-0.0146186694626899,0.607445560000002,0.0115054481308916
"3","Barnsley",3,114,147,141,125,129,107,143,36,0.3364485981,33,0.2894736842,-6,-0.04081632653,-16,-0.1134751773,4,0.032,-22,-0.1705426357,"Yorkshire and The Humber","E12000003",370,"E08000016","Known or believed to be other than English",5.296477372,5.839060884,6.093090167,6.467868701,6.60359859,6.592839379,6.835205993,0.542583512,0.102442335516883,0.254029282999999,0.0435051608549043,0.374778534000001,0.0615087785882097,0.135729888999999,0.0209852573196197,-0.0107592109999999,-0.00162929512649252,0.242366614,0.0367620990088131
"4","Bath and North East Somerset",4,82,101,95,118,96,115,157,42,0.3652173913,19,0.2317073171,-6,-0.05940594059,23,0.2421052632,-22,-0.186440678,19,0.1979166667,"South West","E12000009",800,"E06000022","Known or believed to be other than English",6.228118666,6.53724605,7.157584683,7.354790973,7.824610615,7.553317536,7.760401298,0.309127384,0.0496341512706816,0.620338632999999,0.0948929607751263,0.19720629,0.0275520722050814,0.469819642,0.0638794010223736,-0.271293079,-0.0346717673694744,0.207083762,0.0274162659007799
"5","Bedford",5,93,84,115,110,107,130,112,-18,-0.1384615385,-9,-0.09677419355,31,0.369047619,-5,-0.04347826087,-3,-0.02727272727,23,0.214953271,"East of England","E12000006",822,"E06000055","Known or believed to be other than English",32.29270233,33.63758647,30.81886817,29.90626127,29.05242905,28.12010129,27.51544969,1.34488414,0.0416466892815782,-2.8187183,-0.0837966868554587,-0.912606899999997,-0.029611953786426,-0.853832220000001,-0.0285502829087001,-0.93232776,-0.0320912154503652,-0.6046516,-0.0215024687772026
"6","Bexley",6,209,215,213,247,245,200,219,19,0.095,6,0.02870813397,-2,-0.009302325581,34,0.1596244131,-2,-0.008097165992,-45,-0.1836734694,"London","E12000007",303,"E09000004","Known or believed to be other than English",18.80944388,19.11997814,19.90058429,20.3188647,21.21576888,22.40244168,23.18859765,0.310534260000001,0.016509486510135,0.780606150000001,0.0408267281627761,0.418280409999998,0.0210184989498114,0.89690418,0.0441414514660359,1.1866728,0.05593352787316,0.786155969999999,0.0350924234612269
"7","Birmingham",7,765,836,868,900,899,936,1114,178,0.1901709402,71,0.09281045752,32,0.03827751196,32,0.03686635945,-1,-0.001111111111,37,0.04115684093,"West Midlands","E12000005",330,"E08000025","Known or believed to be other than English",43.01851098,43.96024301,44.07881756,43.37672912,43.22362899,42.30436296,42.20912924,0.941732029999997,0.0218913209347907,0.118574549999998,0.00269731334226303,-0.702088439999997,-0.0159280234558088,-0.153100129999999,-0.00352954529089672,-0.919266030000003,-0.0212676735267342,-0.095233719999996,-0.00225115598809613
"8","Blackburn with Darwen",8,181,200,199,216,224,226,281,55,0.2433628319,19,0.1049723757,-1,-0.005,17,0.08542713568,8,0.03703703704,2,0.008928571429,"North West","E12000002",889,"E06000008","Known or believed to be other than English",42.35116205,43.17505093,42.7869898,42.15736365,42.83050412,42.80940837,43.20416802,0.823888879999998,0.0194537490854988,-0.388061129999997,-0.00898808737085599,-0.62962615,-0.0147153644821258,0.67314047,0.0159673284028993,-0.0210957500000006,-0.000492540315213097,0.394759649999997,0.00922132925986983
"9","Blackpool",9,146,139,170,180,203,178,182,4,0.02247191011,-7,-0.04794520548,31,0.2230215827,10,0.05882352941,23,0.1277777778,-25,-0.1231527094,"North West","E12000002",890,"E06000009","Known or believed to be other than English",5.987582869,6.856540084,7.695581851,8.203712995,8.214704405,8.313232254,8.761511318,0.868957215,0.145126545053585,0.839041767,0.122371014640159,0.508131144,0.0660289441186271,0.0109914100000008,0.00133980918234217,0.0985278489999999,0.0119940833099277,0.448279063999999,0.0539235582867669
"10","Bolton",10,142,178,218,214,260,260,290,30,0.1153846154,36,0.2535211268,40,0.2247191011,-4,-0.01834862385,46,0.214953271,0,0,"North West","E12000002",350,"E08000001","Known or believed to be other than English",27.93758058,28.91394505,30.02841285,29.98655164,30.83868444,31.11448467,31.70699502,0.97636447,0.0349480681479971,1.1144678,0.0385443009617949,-0.0418612100000004,-0.0013940533656943,0.852132800000003,0.0284171654757167,0.275800229999998,0.00894332021641835,0.592510350000001,0.0190429106020608
"11","Bournemouth",11,127,153,154,155,NA,NA,NA,NA,NA,26,0.2047244094,1,0.006535947712,1,0.006493506494,NA,NA,NA,NA,"South West","E12000009",837,"E06000028","Known or believed to be other than English",18.74448259,20.26448483,21.18984991,21.91336576,NA,NA,NA,1.52000224,0.0810906480187886,0.925365079999999,0.0456643772473341,0.723515850000002,0.03414445373955,NA,NA,NA,NA,NA,NA
"12","Bournemouth, Christchurch and Poole",12,NA,NA,NA,NA,306,300,338,38,0.1266666667,NA,NA,NA,NA,NA,NA,NA,NA,-6,-0.01960784314,"South West","E12000009",839,"E06000058","Known or believed to be other than English",NA,NA,NA,NA,15.59107584,0,0,NA,NA,NA,NA,NA,NA,NA,NA,-15.59107584,-1,0,NA
"13","Bracknell Forest",13,60,50,53,35,40,54,73,19,0.3518518519,-10,-0.1666666667,3,0.06,-18,-0.3396226415,5,0.1428571429,14,0.35,"South East","E12000008",867,"E06000036","Known or believed to be other than English",13.53240905,12.72876584,13.11688312,13.25460557,13.89311525,13.79907621,14.94775542,-0.803643210000001,-0.059386559113804,0.388117280000001,0.0304913520194037,0.13772245,0.0104996323242377,0.638509679999999,0.0481726654654423,-0.0940390399999984,-0.00676875116255862,1.14867921,0.0832431963211832
"14","Bradford",14,485,477,487,507,540,527,529,2,0.003795066414,-8,-0.01649484536,10,0.02096436059,20,0.04106776181,33,0.0650887574,-13,-0.02407407407,"Yorkshire and The Humber","E12000003",380,"E08000032","Known or believed to be other than English",42.63187823,42.29326975,41.28424917,40.46465295,39.39022522,37.83844922,37.70085231,-0.338608479999998,-0.00794261229057742,-1.00902058,-0.0238577103630063,-0.819596220000001,-0.0198525160679336,-1.07442773,-0.0265522536750189,-1.551776,-0.0393949511924115,-0.137596909999999,-0.00363643100698933
"15","Brent",15,249,283,251,267,248,240,269,29,0.1208333333,34,0.1365461847,-32,-0.1130742049,16,0.06374501992,-19,-0.07116104869,-8,-0.03225806452,"London","E12000007",304,"E09000005","Known or believed to be other than English",68.68784087,69.49290796,71.25542692,70.90141563,70.14737931,68.31285086,68.08307927,0.805067089999994,0.0117206638002158,1.76251896000001,0.0253625731278149,-0.354011290000003,-0.00496820109431747,-0.754036319999997,-0.0106349966823645,-1.83452845000001,-0.0261524873494238,-0.229771589999999,-0.00336351926624891
"16","Brighton and Hove",16,179,174,148,160,151,165,176,11,0.06666666667,-5,-0.02793296089,-26,-0.1494252874,12,0.08108108108,-9,-0.05625,14,0.09271523179,"South East","E12000008",846,"E06000043","Known or believed to be other than English",13.69760479,14.04046597,14.42935628,14.3832738,14.90808628,15.25184542,15.28634117,0.34286118,0.0250307396991266,0.388890310000001,0.0276978207725396,-0.0460824800000008,-0.00319366152625076,0.52481248,0.0364876930869521,0.343759140000001,0.0230585692585622,0.0344957499999996,0.00226174269736335
"17","Bristol, City of",17,306,279,311,333,290,281,388,107,0.3807829181,-27,-0.08823529412,32,0.1146953405,22,0.07073954984,-43,-0.1291291291,-9,-0.03103448276,"South West","E12000009",801,"E06000023","Known or believed to be other than English",21.41382502,22.19953628,22.2754491,22.404802,22.25929845,21.45805429,21.90402262,0.785711259999999,0.0366917754892535,0.0759128199999992,0.00341956782531492,0.129352900000001,0.00580697158648984,-0.145503550000001,-0.00649430198044155,-0.80124416,-0.0359959305006758,0.445968329999999,0.0207832604006334
"18","Bromley",18,172,248,247,274,332,305,266,-39,-0.1278688525,76,0.4418604651,-1,-0.004032258065,27,0.1093117409,58,0.2116788321,-27,-0.0813253012,"London","E12000007",305,"E09000006","Known or believed to be other than English",13.9802779,14.77352528,15.3990272,15.62185478,16.29587238,16.1755777,16.66248611,0.793247379999999,0.0567404586428141,0.625501920000001,0.0423393813016849,0.222827579999999,0.0144702374446094,0.674017599999999,0.0431458113964108,-0.120294679999997,-0.00738191102598688,0.486908409999998,0.0301014541199353
"19","Buckinghamshire",19,270,363,327,347,352,382,387,5,0.01308900524,93,0.3444444444,-36,-0.09917355372,20,0.06116207951,5,0.0144092219,30,0.08522727273,"South East","E12000008",825,"E10000002","Known or believed to be other than English",16.7519685,17.50792557,18.2438939,18.04124839,18.02625821,18.08026844,18.38389179,0.755957070000001,0.045126462003555,0.735968329999999,0.0420362953370722,-0.20264551,-0.0111075799448713,-0.0149901799999981,-0.000830883743516713,0.0540102299999994,0.00299619751202928,0.303623349999999,0.0167930775479127
"20","Bury",20,140,134,132,120,137,141,152,11,0.0780141844,-6,-0.04285714286,-2,-0.01492537313,-12,-0.09090909091,17,0.1416666667,4,0.02919708029,"North West","E12000002",351,"E08000002","Known or believed to be other than English",18.28793774,18.89446526,19.06296893,18.8425153,19.15358744,18.89674037,18.96383187,0.60652752,0.0331654409930204,0.16850367,0.00891814971640006,-0.220453630000002,-0.0115644961081097,0.31107214,0.0165090559857473,-0.256847069999999,-0.0134098675146153,0.0670915000000001,0.00355042714702864
"21","Calderdale",21,104,123,89,122,95,114,159,45,0.3947368421,19,0.1826923077,-34,-0.2764227642,33,0.3707865169,-27,-0.2213114754,19,0.2,"Yorkshire and The Humber","E12000003",381,"E08000033","Known or believed to be other than English",16.68417475,16.63485809,16.34563279,16.0905309,15.68813763,14.82623895,14.75143052,-0.0493166599999988,-0.00295589447719006,-0.289225300000002,-0.0173867007722698,-0.255101889999999,-0.0156067307566132,-0.402393270000001,-0.025008079130565,-0.861898679999999,-0.0549395154687969,-0.0748084300000009,-0.00504567815561889
"22","Cambridgeshire",22,258,275,301,282,346,318,418,100,0.3144654088,17,0.06589147287,26,0.09454545455,-19,-0.06312292359,64,0.2269503546,-28,-0.08092485549,"East of England","E12000006",873,"E10000003","Known or believed to be other than English",13.59491038,14.61487509,15.32729765,15.3890501,15.90500249,15.85152081,16.21476407,1.01996471,0.075025482440878,0.71242256,0.0487464008835398,0.0617524500000002,0.00402891960540743,0.515952389999999,0.033527240904882,-0.0534816799999991,-0.00336256973449861,0.363243260000001,0.0229153571038337
"23","Camden",23,138,159,129,134,106,123,111,-12,-0.09756097561,21,0.152173913,-30,-0.1886792453,5,0.03875968992,-28,-0.2089552239,17,0.1603773585,"London","E12000007",202,"E09000007","Known or believed to be other than English",61.23931624,61.41367323,59.78060626,57.14529332,55.87390055,55.05930985,54.89115708,0.17435699,0.00284714135795844,-1.63306697,-0.0265912602863537,-2.63531294,-0.0440830748443467,-1.27139277,-0.022248424955674,-0.814590700000004,-0.0145790913464337,-0.168152769999999,-0.00305402974461728
"24","Central Bedfordshire",24,105,124,158,171,201,196,185,-11,-0.05612244898,19,0.180952381,34,0.2741935484,13,0.08227848101,30,0.1754385965,-5,-0.02487562189,"East of England","E12000006",823,"E06000056","Known or believed to be other than English",6.839114247,7.994963802,8.217479855,8.136288282,8.519330839,8.659595827,8.917306785,1.155849555,0.169005738646202,0.222516053000001,0.0278320275752013,-0.0811915729999999,-0.00988034950284644,0.383042557,0.0470782921799131,0.140264988,0.0164643198686324,0.257710957999999,0.0297601600754246
"25","Cheshire East",25,127,153,139,117,92,129,154,25,0.1937984496,26,0.2047244094,-14,-0.09150326797,-22,-0.1582733813,-25,-0.2136752137,37,0.402173913,"North West","E12000002",895,"E06000049","Known or believed to be other than English",6.271993376,6.471351001,6.899371892,7.204144407,7.323797477,7.531108873,8.356626506,0.199357625,0.0317853691878644,0.428020890999999,0.0661408863363861,0.304772515000001,0.0441739508712949,0.11965307,0.0166089216484525,0.207311396,0.0283065440642031,0.825517633,0.109614353864885
"26","Cheshire West and Chester",26,203,229,207,246,201,193,195,2,0.0103626943,26,0.1280788177,-22,-0.096069869,39,0.1884057971,-45,-0.1829268293,-8,-0.03980099502,"North West","E12000002",896,"E06000050","Known or believed to be other than English",4.628801431,4.890328795,5.435615294,5.711221807,6.064880113,5.881129787,6.385766499,0.261527364,0.0565000179632895,0.545286498999999,0.111503034224921,0.275606513,0.0507038298505458,0.353658306,0.0619234058755232,-0.183750326,-0.0302974374721989,0.504636712,0.0858060832317421
"27","City of London",27,2,3,3,3,1,3,7,4,1.333333333,1,0.5,0,0,0,0,-2,-0.6666666667,2,2,"London","E12000007",201,"E09000001","Known or believed to be other than English",56.25,59.3220339,52.11267606,49.47368421,59.7826087,58.88888889,59.566787,3.0720339,0.054613936,-7.20935784,-0.121529175013671,-2.63899185,-0.0506401138748198,10.30892449,0.208371877991578,-0.89371981,-0.0149494950025491,0.677898110000001,0.0115114773394055
"28","Cornwall",28,309,301,296,373,363,337,420,83,0.2462908012,-8,-0.02588996764,-5,-0.01661129568,77,0.2601351351,-10,-0.02680965147,-26,-0.07162534435,"South West","E12000009",908,"E06000052","Known or believed to be other than English",2.528552926,2.657378741,2.75462963,2.786576688,2.813574868,2.827322278,2.746477244,0.128825815,0.0509484352395161,0.0972508890000001,0.0365965481320151,0.0319470579999996,0.0115975874404573,0.0269981800000001,0.00968865494219626,0.0137474100000001,0.00488610065307142,-0.0808450340000002,-0.0285942054179931
"29","County Durham",29,347,337,348,362,341,295,407,112,0.3796610169,-10,-0.0288184438,11,0.03264094955,14,0.04022988506,-21,-0.05801104972,-46,-0.1348973607,"North East","E12000001",840,"E06000047","Known or believed to be other than English",2.489424511,2.725228601,2.893241276,2.928731828,2.917122343,2.894254868,3.060928433,0.23580409,0.0947223299835179,0.168012675,0.06165085561569,0.0354905520000002,0.0122667101062055,-0.0116094850000001,-0.0039639972799859,-0.022867475,-0.00783905243291333,0.166673565,0.0575877290016188
"30","Coventry",30,341,279,280,282,306,282,386,104,0.3687943262,-62,-0.1818181818,1,0.003584229391,2,0.007142857143,24,0.08510638298,-24,-0.07843137255,"West Midlands","E12000005",331,"E08000026","Known or believed to be other than English",33.07796664,33.70943352,34.24267833,34.43441065,34.43884399,33.90056319,34.37870362,0.631466879999998,0.0190902568731776,0.533244809999999,0.0158188600138778,0.19173232,0.00559922089482186,0.00443334000000561,0.000128747375556016,-0.538280800000003,-0.0156300484463504,0.478140430000003,0.0141042031461308
"31","Croydon",31,269,324,306,284,289,299,276,-23,-0.07692307692,55,0.2044609665,-18,-0.05555555556,-22,-0.07189542484,5,0.0176056338,10,0.03460207612,"London","E12000007",306,"E09000008","Known or believed to be other than English",36.22114351,36.22064526,36.30990885,37.28200261,37.74820448,37.2229064,36.58733611,-0.0004982499999997,-1.37557777506981e-05,0.0892635900000016,0.00246443953052872,0.97209376,0.0267721344059502,0.466201869999999,0.0125047432370211,-0.525298079999999,-0.0139158428125586,-0.635570289999997,-0.017074708867978
"32","Cumbria",32,207,181,177,191,223,263,275,12,0.04562737643,-26,-0.1256038647,-4,-0.02209944751,14,0.0790960452,32,0.167539267,40,0.1793721973,"North West","E12000002",909,"E10000006","Known or believed to be other than English",3.24438156,3.367463026,3.542595187,3.725270813,3.777681285,3.617131063,3.832211289,0.123081466,0.0379368035860739,0.175132161,0.0520071518670923,0.182675626,0.051565481337058,0.052410472,0.0140689025391401,-0.160550222,-0.0424996737118864,0.215080226,0.0594615517806577
"33","Darlington",33,93,72,84,97,61,69,79,10,0.1449275362,-21,-0.2258064516,12,0.1666666667,13,0.1547619048,-36,-0.3711340206,8,0.131147541,"North East","E12000001",841,"E06000005","Known or believed to be other than English",5.85252193,6.595947232,7.068428403,7.749675746,8.101321105,8.134502275,8.299731183,0.743425302,0.127026487195068,0.472481171,0.0716320422801102,0.681247343,0.0963788984140892,0.351645359,0.0453754931851829,0.0331811699999989,0.00409577272273778,0.165228908000001,0.0203121103681788
"34","Derby",34,263,245,242,245,217,235,241,6,0.02553191489,-18,-0.06844106464,-3,-0.01224489796,3,0.01239669421,-28,-0.1142857143,18,0.08294930876,"East Midlands","E12000004",831,"E06000015","Known or believed to be other than English",24.58742427,27.5730234,28.82599163,29.4377638,29.76471058,30.05175013,30.45460095,2.98559913,0.121427893268301,1.25296823,0.0454418150604406,0.611772169999998,0.021222935809199,0.32694678,0.0111063728284959,0.287039549999999,0.0096436197230445,0.402850820000001,0.0134052365754846
"35","Derbyshire",35,328,401,456,394,430,476,489,13,0.02731092437,73,0.2225609756,55,0.1371571072,-62,-0.1359649123,36,0.09137055838,46,0.1069767442,"East Midlands","E12000004",830,"E10000007","Known or believed to be other than English",2.595839435,2.859904144,3.024419504,3.064666846,3.060443764,2.967559399,3.138948186,0.264064709,0.101726133534912,0.16451536,0.0575247811522454,0.0402473420000002,0.0133074601412834,-0.00422308200000021,-0.00137799056543852,-0.0928843649999997,-0.0303499662671795,0.171388787,0.0577541218072177
"36","Devon",36,477,509,433,533,535,548,569,21,0.03832116788,32,0.06708595388,-76,-0.1493123772,100,0.2309468822,2,0.003752345216,13,0.02429906542,"South West","E12000009",878,"E10000008","Known or believed to be other than English",3.757988179,3.96022703,4.241494605,4.288152953,4.247690916,4.211650051,4.420428855,0.202238851,0.0538157230323742,0.281267575,0.0710230935926923,0.0466583480000002,0.0110004496870037,-0.0404620370000002,-0.00943577280089621,-0.0360408649999995,-0.00848481344634622,0.208778804,0.0495717358925459
"37","Doncaster",37,127,122,144,157,166,189,227,38,0.2010582011,-5,-0.03937007874,22,0.1803278689,13,0.09027777778,9,0.05732484076,23,0.1385542169,"Yorkshire and The Humber","E12000003",371,"E08000017","Known or believed to be other than English",9.829079412,10.43027709,10.91027576,11.32354458,12.01974897,12.24352148,13.21100271,0.601197678,0.0611652071165503,0.479998669999999,0.0460197428944813,0.413268820000001,0.0378788610930583,0.69620439,0.0614829027325647,0.22377251,0.0186170701699771,0.967481230000001,0.0790198499329133
"38","Dorset",38,299,298,346,401,328,299,341,42,0.1404682274,-1,-0.003344481605,48,0.1610738255,55,0.1589595376,-73,-0.1820448878,-29,-0.08841463415,"South West","E12000009",838,"E06000059","Known or believed to be other than English",NA,NA,NA,NA,3.782778172,0,0,NA,NA,NA,NA,NA,NA,NA,NA,-3.782778172,-1,0,NA
"39","Dorset",38,299,298,346,401,328,299,341,42,0.1404682274,-1,-0.003344481605,48,0.1610738255,55,0.1589595376,-73,-0.1820448878,-29,-0.08841463415,"South West","E12000009",835,"E10000009","Known or believed to be other than English",3.188822874,3.375391416,3.550565207,3.626386277,NA,NA,NA,0.186568542,0.0585070257495901,0.175173791,0.0518973266832531,0.0758210699999999,0.0213546479446476,NA,NA,NA,NA,NA,NA
"40","Dudley",39,331,362,340,368,322,343,378,35,0.1020408163,31,0.09365558912,-22,-0.06077348066,28,0.08235294118,-46,-0.125,21,0.0652173913,"West Midlands","E12000005",332,"E08000027","Known or believed to be other than English",13.8156707,14.07140313,13.32942273,12.73736889,12.11334856,11.35864449,10.87070319,0.25573243,0.0185103159704002,-0.741980400000001,-0.0527296669099126,-0.592053839999998,-0.0444170653142755,-0.62402033,-0.0489913054563344,-0.754704070000001,-0.0623035047874492,-0.487941299999999,-0.0429577050703168
"41","Ealing",40,308,302,347,331,358,363,344,-19,-0.0523415978,-6,-0.01948051948,45,0.1490066225,-16,-0.04610951009,27,0.08157099698,5,0.01396648045,"London","E12000007",307,"E09000009","Known or believed to be other than English",64.37918802,64.53670416,64.86041217,64.45232037,64.15251364,62.99358381,62.13646167,0.157516139999998,0.00244669348658241,0.323708010000004,0.00501587451998578,-0.408091800000008,-0.00629184715833125,-0.29980673,-0.00465160491164486,-1.15892983,-0.0180652286908582,-0.857122139999994,-0.0136064990775129
"42","East Riding of Yorkshire",41,154,158,180,162,180,156,203,47,0.3012820513,4,0.02597402597,22,0.1392405063,-18,-0.1,18,0.1111111111,-24,-0.1333333333,"Yorkshire and The Humber","E12000003",811,"E06000011","Known or believed to be other than English",3.770293191,3.913988886,4.306759436,4.481792717,4.505528978,4.554635827,4.667430739,0.143695695,0.0381126049674368,0.39277055,0.100350451020673,0.175033281,0.0406415272552502,0.0237362609999998,0.00529615323572757,0.0491068490000002,0.0108992416295142,0.112794912,0.0247648585494693
"43","East Sussex",42,245,294,262,323,313,318,317,-1,-0.003144654088,49,0.2,-32,-0.1088435374,61,0.2328244275,-10,-0.03095975232,5,0.01597444089,"South East","E12000008",845,"E10000011","Known or believed to be other than English",6.018503999,6.136293555,6.42478639,6.726548426,6.917416609,6.757562404,6.625508998,0.117789556,0.0195712349812464,0.288492835,0.0470141841185107,0.301762036,0.0469684153966089,0.190868183,0.0283753525451836,-0.159854205,-0.0231089457286727,-0.132053406,-0.0195415740329432
"44","Enfield",43,278,286,230,274,213,280,216,-64,-0.2285714286,8,0.02877697842,-56,-0.1958041958,44,0.1913043478,-61,-0.2226277372,67,0.3145539906,"London","E12000007",308,"E09000010","Known or believed to be other than English",49.25760253,50.47619048,51.10756218,51.4343337,51.11459582,50.87360654,50.94690179,1.21858795,0.024739083662422,0.631371700000003,0.012508307263207,0.326771520000001,0.00639379978346682,-0.319737880000005,-0.00621642892984546,-0.240989280000001,-0.0047146862091729,0.073295250000001,0.00144073233617459
"45","Essex",44,715,686,727,722,739,748,870,122,0.1631016043,-29,-0.04055944056,41,0.05976676385,-5,-0.006877579092,17,0.02354570637,9,0.01217861976,"East of England","E12000006",881,"E10000012","Known or believed to be other than English",7.239692087,7.542260035,8.1003632,8.336639228,8.717421689,8.912774895,9.350977513,0.302567948,0.0417929304677623,0.558103165,0.0739968076425517,0.236276027999999,0.0291685720956313,0.380782461000001,0.0456757754037237,0.195353206,0.0224095165943968,0.438202618,0.049165677711195
"46","Gateshead",45,112,126,129,135,114,104,131,27,0.2596153846,14,0.125,3,0.02380952381,6,0.04651162791,-21,-0.1555555556,-10,-0.08771929825,"North East","E12000001",390,"E08000020","Known or believed to be other than English",6.741211487,7.356647763,8.483033932,8.659183422,9.563738,9.932377939,10.39681057,0.615436276,0.0912946103510963,1.126386169,0.153111336207385,0.17614949,0.0207649163509205,0.904554578000001,0.104461879823661,0.368639938999999,0.0385455915877243,0.464432630999999,0.0467594602070447
"47","Gloucestershire",46,295,293,287,276,299,274,258,-16,-0.05839416058,-2,-0.006779661017,-6,-0.0204778157,-11,-0.03832752613,23,0.08333333333,-25,-0.08361204013,"South West","E12000009",916,"E10000013","Known or believed to be other than English",7.505678299,7.958834482,8.22313963,8.36317455,8.647982625,8.561879896,8.688750574,0.453156183,0.0603751140067347,0.264305148,0.0332090268490647,0.14003492,0.0170293739740377,0.284808074999999,0.0340550198130205,-0.0861027289999985,-0.00995639477247429,0.126870678,0.0148180866282966
"48","Greenwich",47,314,345,396,351,354,364,432,68,0.1868131868,31,0.09872611465,51,0.147826087,-45,-0.1136363636,3,0.008547008547,10,0.02824858757,"London","E12000007",203,"E09000011","Known or believed to be other than English",42.90819408,40.88103534,39.88675566,39.00026329,38.14089204,37.10282906,35.9535577,-2.02715874,-0.0472440936624011,-0.994279679999998,-0.0243212940115327,-0.886492369999999,-0.022225231291223,-0.859371250000002,-0.0220350114974827,-1.03806298,-0.0272165364908439,-1.14927136,-0.0309753026687394
"49","Hackney",48,237,241,232,246,259,231,249,18,0.07792207792,4,0.01687763713,-9,-0.03734439834,14,0.06034482759,13,0.05284552846,-28,-0.1081081081,"London","E12000007",204,"E09000012","Known or believed to be other than English",54.01187769,51.78515404,49.02351341,47.88760071,46.38944223,44.85899547,45.20056929,-2.22672365,-0.0412265550696132,-2.76164063,-0.053328809794924,-1.1359127,-0.0231707729819359,-1.49815848,-0.0312848933291233,-1.53044676,-0.0329912731524558,0.341573819999994,0.0076143885172022
"50","Halton",49,85,72,89,91,79,118,134,16,0.1355932203,-13,-0.1529411765,17,0.2361111111,2,0.02247191011,-12,-0.1318681319,39,0.4936708861,"North West","E12000002",876,"E06000006","Known or believed to be other than English",1.941189984,2.103946321,2.614068441,3.065498858,3.462379911,3.669374104,3.935564773,0.162756337,0.0838435899327204,0.51012212,0.24245966492032,0.451430417,0.172692654071179,0.396881053,0.129467036650255,0.206994193,0.0597837898557516,0.266190669,0.07254388935427
"51","Hammersmith and Fulham",50,112,129,112,107,105,113,110,-3,-0.02654867257,17,0.1517857143,-17,-0.1317829457,-5,-0.04464285714,-2,-0.01869158879,8,0.07619047619,"London","E12000007",205,"E09000013","Known or believed to be other than English",49.06679764,49.90870359,48.40945779,48.47244694,46.82362097,45.92062853,47.28971963,0.841905950000005,0.0171583635063575,-1.4992458,-0.0300397664566948,0.0629891499999999,0.00130117445795916,-1.64882597,-0.0340157362396196,-0.902992439999998,-0.0192849767124706,1.3690911,0.029814293571909
"52","Hampshire",51,764,690,706,717,737,684,792,108,0.1578947368,-74,-0.09685863874,16,0.0231884058,11,0.01558073654,20,0.02789400279,-53,-0.07191316147,"South East","E12000008",850,"E10000014","Known or believed to be other than English",6.364824881,6.77194048,7.288461356,7.56293014,7.84510867,7.985598661,8.470109923,0.407115599,0.0639633621681099,0.516520876,0.0762736880995151,0.274468784,0.037657987137992,0.28217853,0.0373107413101135,0.140489991,0.0179079725864396,0.484511262000001,0.0606731295383341
"53","Haringey",52,237,251,233,202,209,211,206,-5,-0.02369668246,14,0.05907172996,-18,-0.07171314741,-31,-0.1330472103,7,0.03465346535,2,0.00956937799,"London","E12000007",309,"E09000014","Known or believed to be other than English",55.81143907,56.26443263,55.08971923,54.36085363,53.73994108,52.28466145,51.08067115,0.452993560000003,0.00811650026496984,-1.1747134,-0.0208784367866112,-0.728865599999999,-0.013230519417915,-0.62091255,-0.011422052976323,-1.45527963,-0.0270800376917719,-1.2039903,-0.0230276005736669
"54","Harrow",53,164,177,158,228,207,213,208,-5,-0.0234741784,13,0.07926829268,-19,-0.1073446328,70,0.4430379747,-21,-0.09210526316,6,0.02898550725,"London","E12000007",310,"E09000015","Known or believed to be other than English",65.6328928,65.85576757,64.93896885,64.53252947,63.88963903,64.3907563,64.99472259,0.222874770000004,0.0033957785569373,-0.916798720000003,-0.0139213124959103,-0.406439379999995,-0.00625879017171975,-0.642890440000002,-0.00996226934353891,0.501117270000009,0.00784348256788091,0.603966289999988,0.00937970486300979
"55","Hartlepool",54,82,75,78,69,85,87,71,-16,-0.183908046,-7,-0.08536585366,3,0.04,-9,-0.1153846154,16,0.231884058,2,0.02352941176,"North East","E12000001",805,"E06000001","Known or believed to be other than English",3.726435774,3.834597224,4.367088608,4.570709718,4.740646259,4.648364869,4.621802613,0.10816145,0.0290254432277248,0.532491384000001,0.138865010558929,0.203621109999999,0.0466262831550954,0.169936541,0.0371794647843791,-0.0922813900000001,-0.01946599365536,-0.0265622560000001,-0.00571432250879101
"56","Havering",55,121,121,124,158,142,163,225,62,0.3803680982,0,0,3,0.02479338843,34,0.2741935484,-16,-0.1012658228,21,0.1478873239,"London","E12000007",311,"E09000016","Known or believed to be other than English",16.91636852,19.26715887,21.5615485,22.5458933,23.67340025,24.55409726,26.21446711,2.35079035,0.138965425541581,2.29438963,0.119082924757136,0.984344799999999,0.0456527878783845,1.12750695,0.050009415683698,0.880697009999999,0.0372019651042735,1.66036985,0.0676208875618017
"57","Herefordshire, County of",56,151,145,141,118,119,106,144,38,0.358490566,-6,-0.03973509934,-4,-0.0275862069,-23,-0.1631205674,1,0.008474576271,-13,-0.1092436975,"West Midlands","E12000005",884,"E06000019","Known or believed to be other than English",8.127920828,9.008361054,9.848879625,10.07470806,10.16998614,10.25866491,10.24942977,0.880440225999999,0.108322933334557,0.840518571,0.0933042721047225,0.225828435,0.022929352738434,0.0952780799999999,0.00945715542649679,0.0886787699999996,0.00871965495127013,-0.00923513999999948,-0.000900228253970669
"58","Hertfordshire",57,684,727,759,753,723,672,672,0,0,43,0.06286549708,32,0.04401650619,-6,-0.00790513834,-30,-0.03984063745,-51,-0.07053941909,"East of England","E12000006",919,"E10000015","Known or believed to be other than English",16.06795106,16.59515306,17.0603993,17.40871326,17.8501886,17.88235742,18.30306633,0.527202000000003,0.0328107795468978,0.465246239999999,0.028035067728384,0.348313959999999,0.0204165186215776,0.44147534,0.0253594469279001,0.0321688200000025,0.00180215574865145,0.420708909999998,0.0235264792062298
"59","Hillingdon",58,270,290,268,320,303,339,277,-62,-0.1828908555,20,0.07407407407,-22,-0.07586206897,52,0.1940298507,-17,-0.053125,36,0.1188118812,"London","E12000007",312,"E09000017","Known or believed to be other than English",47.41508602,48.29299636,49.51124145,49.55228758,50.19404065,49.64682821,49.73577444,0.87791034,0.0185154222778314,1.21824509,0.0252261234924957,0.041046129999998,0.000829026475562107,0.64175307,0.0129510281228474,-0.547212439999996,-0.0109019404079396,0.0889462299999977,0.00179157930540429
"60","Hounslow",59,236,195,246,260,270,278,289,11,0.03956834532,-41,-0.1737288136,51,0.2615384615,14,0.05691056911,10,0.03846153846,8,0.02962962963,"London","E12000007",313,"E09000018","Known or believed to be other than English",63.02058013,63.44170875,63.95307075,64.5706316,64.46481205,64.30262994,64.18981287,0.421128619999998,0.00668239833926133,0.511362000000005,0.00806034405559742,0.617560849999997,0.00965646907580269,-0.105819549999993,-0.00163881856778977,-0.162182110000003,-0.00251582382454186,-0.112817070000006,-0.00175447054195565
"61","Isle of Wight",60,99,97,92,73,70,85,98,13,0.1529411765,-2,-0.0202020202,-5,-0.05154639175,-19,-0.2065217391,-3,-0.04109589041,15,0.2142857143,"South East","E12000008",921,"E06000046","Known or believed to be other than English",3.427851292,3.613244366,3.721332756,3.348037552,3.266807894,3.394784173,3.767162147,0.185393074,0.0540843397823804,0.10808839,0.0299144976235465,-0.373295204,-0.100312234480544,-0.0812296580000003,-0.0242618718393635,0.127976279,0.0391747183037756,0.372377974,0.109691207164704
"62","Islington",61,157,155,149,149,171,168,165,-3,-0.01785714286,-2,-0.0127388535,-6,-0.03870967742,0,0,22,0.1476510067,-3,-0.01754385965,"London","E12000007",206,"E09000019","Known or believed to be other than English",43.70057986,43.31325301,42.18009479,41.48760331,40.10162466,39.30076695,39.92055611,-0.387326850000001,-0.00886319703859419,-1.13315822,-0.0261619283072176,-0.692491480000001,-0.0164174946369295,-1.38597865,-0.0334070551061678,-0.800857709999995,-0.0199707048477471,0.619789159999996,0.0157704087756994
"63","Kensington and Chelsea",62,49,67,47,45,64,47,55,8,0.170212766,18,0.3673469388,-20,-0.2985074627,-2,-0.04255319149,19,0.4222222222,-17,-0.265625,"London","E12000007",207,"E09000020","Known or believed to be other than English",54.03598972,53.79345778,53.03994584,51.97809719,53.93678958,53.37247601,54.70378301,-0.242531940000006,-0.00448834084943649,-0.753511939999996,-0.0140075014898958,-1.06184865,-0.0200197913701339,1.95869239,0.0376830337370802,-0.564313570000003,-0.0104624983131968,1.331307,0.0249436994407111
"64","Kent",63,863,846,887,940,912,963,1038,75,0.07788161994,-17,-0.01969872538,41,0.04846335697,53,0.05975197294,-28,-0.02978723404,51,0.05592105263,"South East","E12000008",886,"E10000016","Known or believed to be other than English",11.16082427,11.73116793,12.16946239,12.47291134,12.71020453,12.77922402,13.39475877,0.570343659999999,0.051102288343798,0.43829446,0.037361536601923,0.30344895,0.0249352798238115,0.237293190000001,0.0190246834545367,0.0690194899999987,0.00543024227793435,0.61553475,0.0481668330593989
"65","Kingston upon Hull, City of",64,265,265,268,255,294,367,386,19,0.05177111717,0,0,3,0.01132075472,-13,-0.04850746269,39,0.1529411765,73,0.2482993197,"Yorkshire and The Humber","E12000003",810,"E06000010","Known or believed to be other than English",15.28493282,15.92093719,16.06990952,16.88706081,17.19703406,17.36026192,17.79884357,0.63600437,0.0416098897842588,0.148972329999999,0.00935700758203917,0.817151290000002,0.050849775413048,0.309973249999999,0.0183556661213917,0.163227859999999,0.00949162858144617,0.43858165,0.0252635387657792
"66","Kingston upon Thames",65,117,123,106,107,106,124,108,-16,-0.1290322581,6,0.05128205128,-17,-0.1382113821,1,0.009433962264,-1,-0.009345794393,18,0.1698113208,"London","E12000007",314,"E09000021","Known or believed to be other than English",35.67762269,35.52608311,35.46003119,35.26468799,35.21540247,34.23404405,35.17173284,-0.151539579999998,-0.00424746854118373,-0.0660519199999996,-0.00185925140678982,-0.195343200000003,-0.00550882764184065,-0.049285519999998,-0.0013975884322009,-0.981358419999999,-0.0278673066660538,0.937688789999996,0.0273905352411906
"67","Kirklees",66,215,243,212,239,226,266,320,54,0.2030075188,28,0.1302325581,-31,-0.1275720165,27,0.1273584906,-13,-0.05439330544,40,0.1769911504,"Yorkshire and The Humber","E12000003",382,"E08000034","Known or believed to be other than English",27.52552823,29.31208902,29.60283367,28.67846204,27.72819109,26.05457132,25.26658845,1.78656079,0.0649055950923707,0.290744650000001,0.00991893309963756,-0.92437163,-0.03122578197427,-0.95027095,-0.0331353525399858,-1.67361977,-0.0603580581426236,-0.78798287,-0.0302435553562583
"68","Knowsley",67,97,98,99,108,108,137,167,30,0.2189781022,1,0.01030927835,1,0.01020408163,9,0.09090909091,0,0,29,0.2685185185,"North West","E12000002",340,"E08000011","Known or believed to be other than English",3.145063739,3.309060743,3.830378867,4.033984942,4.574262882,5.258479212,6.116949609,0.163997004,0.0521442544920073,0.521318124,0.157542627497183,0.203606075,0.0531555968925515,0.54027794,0.133931570833315,0.68421633,0.1495795820333,0.858470397,0.163254500472484
"69","Lambeth",68,185,189,216,182,221,208,215,7,0.03365384615,4,0.02162162162,27,0.1428571429,-34,-0.1574074074,39,0.2142857143,-13,-0.05882352941,"London","E12000007",208,"E09000022","Known or believed to be other than English",51.48323179,51.12525311,50.06339431,48.96033627,48.09838306,46.68119581,46.35803989,-0.357978679999995,-0.00695330630097562,-1.0618588,-0.020769751451701,-1.10305804,-0.0220332251778555,-0.861953209999996,-0.0176051325555979,-1.41718725,-0.0294643428705731,-0.323155919999998,-0.00692261443591322
"70","Lancashire",69,446,507,521,588,628,576,622,46,0.07986111111,61,0.1367713004,14,0.02761341223,67,0.1285988484,40,0.06802721088,-52,-0.08280254777,"North West","E12000002",888,"E10000017","Known or believed to be other than English",12.45946743,12.83392038,13.33796182,13.60732664,13.66483522,13.5237982,13.55315712,0.37445295,0.0300536882578456,0.50404144,0.0392741598105504,0.26936482,0.0201953509565527,0.0575085800000004,0.00422629525412792,-0.141037020000001,-0.0103211650729295,0.02935892,0.00217090787409117
"71","Leeds",70,736,721,813,842,860,823,862,39,0.04738760632,-15,-0.02038043478,92,0.1276005548,29,0.0356703567,18,0.02137767221,-37,-0.04302325581,"Yorkshire and The Humber","E12000003",383,"E08000035","Known or believed to be other than English",20.23967558,20.79920751,22.29219987,22.71536651,22.58681109,21.8593811,22.21608216,0.559531929999999,0.0276453013186093,1.49299236,0.0717812137449078,0.423166639999998,0.018982722318468,-0.128555419999998,-0.00565940329174983,-0.727429990000001,-0.0322059624575361,0.356701059999999,0.0163179853248452
"72","Leicester",71,295,301,268,299,263,322,316,-6,-0.01863354037,6,0.02033898305,-33,-0.1096345515,31,0.1156716418,-36,-0.1204013378,59,0.2243346008,"East Midlands","E12000004",856,"E06000016","Known or believed to be other than English",51.78802897,52.72780459,53.564683,54.43469513,55.6524421,55.88143081,56.27844406,0.939775619999999,0.0181465801786818,0.836878410000004,0.0158716718154186,0.870012129999999,0.0162422716101951,1.21774697,0.0223707869970025,0.228988709999996,0.00411462105451786,0.397013250000001,0.00710456486609779
"73","Leicestershire",72,241,242,244,282,260,307,335,28,0.09120521173,1,0.004149377593,2,0.00826446281,38,0.1557377049,-22,-0.0780141844,47,0.1807692308,"East Midlands","E12000004",855,"E10000018","Known or believed to be other than English",8.013562118,8.331668332,8.407349275,8.474607402,8.512153697,8.551216132,8.695731253,0.318106214,0.0396959815517587,0.0756809430000001,0.00908352805035783,0.0672581270000006,0.00799992064086104,0.0375462950000003,0.00443044653503824,0.039062435,0.00458901899454271,0.144515121,0.016899949524045
"74","Lewisham",73,230,202,221,237,251,260,226,-34,-0.1307692308,-28,-0.1217391304,19,0.09405940594,16,0.07239819005,14,0.05907172996,9,0.03585657371,"London","E12000007",209,"E09000023","Known or believed to be other than English",33.40221774,33.78560383,34.99171467,34.95674463,37.83049764,37.93646844,37.368376,0.383386090000002,0.01147786332585,1.20611084,0.0356989576409178,-0.0349700399999975,-0.00099938057708212,2.87375300999999,0.0822088280936129,0.105970800000001,0.00280120026462336,-0.568092440000001,-0.01497483723079
"75","Lincolnshire",74,342,302,307,328,392,354,390,36,0.1016949153,-40,-0.1169590643,5,0.01655629139,21,0.06840390879,64,0.1951219512,-38,-0.09693877551,"East Midlands","E12000004",925,"E10000019","Known or believed to be other than English",10.22364217,10.75850081,11.3733607,11.43324801,11.37313172,11.22170832,11.38035406,0.534858639999999,0.0523158607379154,0.61485989,0.0571510753086052,0.0598873100000006,0.00526557730645091,-0.0601162899999999,-0.00525802378706555,-0.151423400000001,-0.0133141340246432,0.158645740000001,0.0141373965064885
"76","Liverpool",75,322,381,407,467,446,490,559,69,0.1408163265,59,0.1832298137,26,0.06824146982,60,0.1474201474,-21,-0.04496788009,44,0.09865470852,"North West","E12000002",341,"E08000012","Known or believed to be other than English",15.61650353,16.81415929,18.00933818,18.94670174,19.72756138,19.65175944,20.75827348,1.19765576,0.0766916715831588,1.19517889,0.0710816918875521,0.937363560000001,0.0520487510774258,0.780859639999999,0.0412134866910086,-0.0758019400000016,-0.00384243843118138,1.10651404,0.0563061054852807
"77","Luton",76,134,186,190,162,187,197,249,52,0.2639593909,52,0.3880597015,4,0.02150537634,-28,-0.1473684211,25,0.1543209877,10,0.05347593583,"East of England","E12000006",821,"E06000032","Known or believed to be other than English",53.59136388,55.36531441,55.44545961,55.0014981,54.80072464,53.96611642,52.84154415,1.77395053,0.0331014253336073,0.0801451999999969,0.00144757057471927,-0.443961510000001,-0.00800717521547841,-0.200773460000001,-0.00365032711718084,-0.83460822,-0.0152298756172068,-1.12457227,-0.0208384880106591
"78","Manchester",77,305,408,434,430,485,497,546,49,0.0985915493,103,0.337704918,26,0.0637254902,-4,-0.009216589862,55,0.1279069767,12,0.02474226804,"North West","E12000002",352,"E08000003","Known or believed to be other than English",40.930529,41.85748757,41.59123042,41.91152074,42.20223258,41.94267809,42.99332698,0.926958570000004,0.0226471192199838,-0.266257150000001,-0.00636103993472443,0.320290319999998,0.00770090994581348,0.29071184,0.00693632287416732,-0.259554489999999,-0.00615025495411834,1.05064889,0.0250496376923174
"79","Medway",78,241,245,249,270,263,264,285,21,0.07954545455,4,0.01659751037,4,0.01632653061,21,0.0843373494,-7,-0.02592592593,1,0.003802281369,"South East","E12000008",887,"E06000035","Known or believed to be other than English",13.35275796,13.08951858,13.58573749,14.06782909,14.16949929,14.26983092,15.44629349,-0.26323938,-0.019714232878973,0.49621891,0.0379096379265004,0.4820916,0.035485125511578,0.101670199999999,0.00722714210910272,0.100331630000001,0.00708081689737685,1.17646257,0.0824440441232642
"80","Merton",79,169,173,174,141,160,179,179,0,0,4,0.02366863905,1,0.005780346821,-33,-0.1896551724,19,0.134751773,19,0.11875,"London","E12000007",315,"E09000024","Known or believed to be other than English",47.35662769,47.31478931,46.58027358,46.08595146,45.75721544,44.64616941,44.19940804,-0.0418383800000015,-0.000883474648445802,-0.734515730000005,-0.0155240198828227,-0.49432212,-0.0106122631321823,-0.328736019999994,-0.00713310693575065,-1.11104603,-0.0242813296070624,-0.446761369999997,-0.0100067122421466
"81","Middlesbrough",80,85,102,90,88,90,99,98,-1,-0.0101010101,17,0.2,-12,-0.1176470588,-2,-0.02222222222,2,0.02272727273,9,0.1,"North East","E12000001",806,"E06000002","Known or believed to be other than English",16.51703921,18.57066477,18.83579054,19.54617082,19.94346734,19.66776566,19.76744186,2.05362556,0.124333758241408,0.265125770000001,0.0142765901643057,0.710380279999999,0.0377143862632908,0.397296520000001,0.0203260538168161,-0.275701680000001,-0.0138241598263625,0.0996762000000011,0.00506799815104168
"82","Milton Keynes",81,206,234,193,201,204,210,237,27,0.1285714286,28,0.1359223301,-41,-0.1752136752,8,0.0414507772,3,0.01492537313,6,0.02941176471,"South East","E12000008",826,"E06000042","Known or believed to be other than English",27.36258101,28.19413093,28.59226842,28.47696635,29.0841719,29.1017075,30.07902959,0.83154992,0.0303900395834772,0.39813749,0.014121289675092,-0.115302069999998,-0.00403263107027024,0.60720555,0.0213226908560785,0.0175355999999987,0.000602925882170248,0.977322090000001,0.0335829809986236
"83","Newcastle upon Tyne",82,216,214,212,202,194,201,231,30,0.1492537313,-2,-0.009259259259,-2,-0.009345794393,-10,-0.04716981132,-8,-0.0396039604,7,0.03608247423,"North East","E12000001",391,"E08000021","Known or believed to be other than English",25.31721691,26.49647374,26.24945103,26.80591819,27.03631224,26.54684479,27.09567048,1.17925683,0.046579244242846,-0.24702271,-0.00932285225664144,0.55646716,0.0211991922941179,0.230394050000001,0.00859489491712132,-0.489467449999999,-0.0181040759425702,0.548825689999997,0.020673857640767
"84","Newham",83,259,265,244,274,304,313,358,45,0.1437699681,6,0.02316602317,-21,-0.07924528302,30,0.1229508197,30,0.1094890511,9,0.02960526316,"London","E12000007",316,"E09000025","Known or believed to be other than English",74.16039375,74.04913688,73.33058419,73.33572434,72.3838836,72.20116032,71.50479947,-0.111256869999991,-0.00150021951575724,-0.71855269000001,-0.00970372809563543,0.00514015000000256,7.00955823109823e-05,-0.951840739999994,-0.0129792232716903,-0.182723280000005,-0.00252436413898086,-0.696360850000005,-0.00964473211945197
"85","Norfolk",84,565,539,550,562,579,609,657,48,0.07881773399,-26,-0.04601769912,11,0.02040816327,12,0.02181818182,17,0.03024911032,30,0.0518134715,"East of England","E12000006",926,"E10000020","Known or believed to be other than English",10.03742899,10.5758304,11.40942602,11.78370013,12.03139924,12.11634814,12.81982023,0.538401409999999,0.0536393742397971,0.833595620000001,0.0788208195925684,0.37427411,0.0328039385455431,0.247699110000001,0.0210204865422013,0.0849488999999988,0.00706060020995519,0.70347209,0.0580597455497016
"86","North East Lincolnshire",85,47,79,70,75,79,99,109,10,0.101010101,32,0.6808510638,-9,-0.1139240506,5,0.07142857143,4,0.05333333333,20,0.253164557,"Yorkshire and The Humber","E12000003",812,"E06000012","Known or believed to be other than English",4.889478338,5.726756875,6.523790268,6.708057768,6.666216854,6.44829007,6.931442731,0.837278537,0.171240872567703,0.797033393,0.139177096286281,0.1842675,0.0282454665815752,-0.0418409139999998,-0.00623741110274824,-0.217926784,-0.0326912233389521,0.483152661,0.0749272529236577
"87","North Lincolnshire",86,83,100,101,107,135,118,143,25,0.2118644068,17,0.2048192771,1,0.01,6,0.05940594059,28,0.261682243,-17,-0.1259259259,"Yorkshire and The Humber","E12000003",813,"E06000013","Known or believed to be other than English",10.5108986,11.03735852,11.84969138,12.21561795,12.34542457,12.61299138,13.04838482,0.526459919999999,0.0500870515485706,0.81233286,0.0735984845040623,0.365926570000001,0.0308806835777693,0.12980662,0.0106262835438464,0.26756681,0.02167335829423,0.43539344,0.0345194432377389
"88","North Northamptonshire",87,NA,NA,NA,NA,NA,NA,237,NA,NA,NA,NA,NA,NA,NA,NA,NA,NA,NA,NA,"East Midlands","E12000004",940,"E06000061","Known or believed to be other than English",NA,NA,NA,NA,NA,NA,17.35726686,NA,NA,NA,NA,NA,NA,NA,NA,NA,NA,NA,NA
"89","North Somerset",88,87,90,80,85,79,88,110,22,0.25,3,0.03448275862,-10,-0.1111111111,5,0.0625,-6,-0.07058823529,9,0.1139240506,"South West","E12000009",802,"E06000024","Known or believed to be other than English",5.252960172,5.761316872,6.142857143,6.377010705,6.538747073,6.547033285,6.915111449,0.5083567,0.0967752816230567,0.381540271,0.0662244898999195,0.234153562,0.0381180217200438,0.161736368,0.0253624112428081,0.00828621200000068,0.00126724767107392,0.368078164,0.056220603741745
"90","North Tyneside",89,181,200,191,191,202,194,230,36,0.1855670103,19,0.1049723757,-9,-0.045,0,0,11,0.05759162304,-8,-0.0396039604,"North East","E12000001",392,"E08000022","Known or believed to be other than English",4.563106796,4.634381013,4.788631478,4.580380011,4.95937406,4.829441252,5.262833549,0.071274217,0.0156196688323137,0.154250465000001,0.0332839411708509,-0.208251467,-0.0434887228129273,0.378994049,0.0827429270256677,-0.129932808,-0.0261994369507188,0.433392297,0.0897396353709699
"91","North Yorkshire",90,231,250,296,306,294,282,352,70,0.2482269504,19,0.08225108225,46,0.184,10,0.03378378378,-12,-0.03921568627,-12,-0.04081632653,"Yorkshire and The Humber","E12000003",815,"E10000023","Known or believed to be other than English",4.217897116,4.577320713,5.346556474,5.311600729,5.494309704,5.473263054,5.822455479,0.359423597,0.0852139317567935,0.769235761,0.168053717279478,-0.0349557449999995,-0.00653799228905321,0.182708975,0.0343981003697162,-0.0210466499999997,-0.00383062680006502,0.349192425,0.0637996788304924
"92","Northamptonshire",91,320,394,439,433,416,453,NA,NA,NA,74,0.23125,45,0.114213198,-6,-0.01366742597,-17,-0.03926096998,37,0.08894230769,"East Midlands","E12000004",928,"E10000021","Known or believed to be other than English",15.00056799,16.24315263,17.37718169,18.07883395,18.77365291,19.02803284,NA,1.24258464,0.0828358393381076,1.13402906,0.0698158224472708,0.701652259999999,0.0403777938515644,0.694818959999999,0.0384327308897043,0.254379930000002,0.0135498366364547,NA,NA
"93","Northumberland",92,227,222,234,240,234,265,289,24,0.09056603774,-5,-0.02202643172,12,0.05405405405,6,0.02564102564,-6,-0.025,31,0.1324786325,"North East","E12000001",929,"E06000048","Known or believed to be other than English",1.853672237,2.056820527,1.861137898,1.924619086,1.987139412,2.074468085,2.160397191,0.20314829,0.109592346448894,-0.195682629,-0.0951384072801993,0.0634811880000001,0.0341088041182858,0.062520326,0.0324845193808911,0.0873286729999998,0.0439469281685204,0.085929106,0.0414222357149448
"94","Nottingham",93,158,171,159,163,183,188,163,-25,-0.1329787234,13,0.08227848101,-12,-0.0701754386,4,0.0251572327,20,0.1226993865,5,0.02732240437,"East Midlands","E12000004",892,"E06000018","Known or believed to be other than English",30.41244679,31.64126999,31.89682181,32.42879801,32.4450597,31.61201511,32.94751198,1.2288232,0.040405272501917,0.255551819999997,0.00807653485719008,0.531976200000003,0.0166780315345782,0.0162616900000003,0.000501458302431861,-0.83304459,-0.0256755449890573,1.33549687,0.0422464960032723
"95","Nottinghamshire",94,207,222,234,248,294,316,334,18,0.05696202532,15,0.07246376812,12,0.05405405405,14,0.05982905983,46,0.185483871,22,0.07482993197,"East Midlands","E12000004",891,"E10000024","Known or believed to be other than English",6.581495828,7.26970234,7.833715148,8.189106995,8.378071729,8.702025772,9.565954372,0.688206512,0.104566884183399,0.564012807999999,0.0775840304900296,0.355391847,0.0453669606675364,0.188964734000001,0.0230751331146823,0.323954043000001,0.0386668977634389,0.863928599999999,0.0992790210734392
"96","Oldham",95,201,198,178,255,215,227,286,59,0.2599118943,-3,-0.01492537313,-20,-0.101010101,77,0.4325842697,-40,-0.1568627451,12,0.05581395349,"North West","E12000002",353,"E08000004","Known or believed to be other than English",36.11861162,36.97560035,37.07373617,36.21393016,36.01961371,35.14590369,34.95833333,0.856988729999998,0.023727067336261,0.098135819999996,0.00265406968571359,-0.85980601,-0.0231917820760604,-0.194316449999995,-0.00536579291840097,-0.873710020000004,-0.0242565072194941,-0.187570359999995,-0.00533690530920576
"97","Oxfordshire",96,271,303,312,364,330,404,490,86,0.2128712871,32,0.1180811808,9,0.0297029703,52,0.1666666667,-34,-0.09340659341,74,0.2242424242,"South East","E12000008",931,"E10000025","Known or believed to be other than English",13.62044818,14.35722776,14.88613561,15.03108103,15.13291303,15.1735876,15.52467395,0.73677958,0.0540936370274418,0.52890785,0.0368391348832373,0.144945419999999,0.00973694072104447,0.101832,0.00677476222746435,0.0406745700000002,0.00268782156610334,0.351086350000001,0.0231379920988495
"98","Peterborough",97,102,108,150,157,174,152,200,48,0.3157894737,6,0.05882352941,42,0.3888888889,7,0.04666666667,17,0.1082802548,-22,-0.1264367816,"East of England","E12000006",874,"E06000031","Known or believed to be other than English",39.66877447,40.56570625,40.65685709,40.29638074,40.15262834,39.8109042,39.25478253,0.896931779999996,0.0226105240704704,0.0911508400000045,0.00224699255667475,-0.360476350000006,-0.00886631126459279,-0.143752399999997,-0.00356737745078187,-0.341724139999997,-0.00851062941898554,-0.556121670000003,-0.0139690791047143
"99","Plymouth",98,215,232,216,204,211,222,257,35,0.1576576577,17,0.07906976744,-16,-0.06896551724,-12,-0.05555555556,7,0.03431372549,11,0.05213270142,"South West","E12000009",879,"E06000026","Known or believed to be other than English",7.308714919,7.528622644,8.002233181,8.046834912,8.237547893,8.206097849,8.524590164,0.219907725000001,0.0300884255901568,0.473610536999999,0.0629079925233664,0.0446017310000002,0.00557366050090864,0.190712981000001,0.0237003720202581,-0.0314500439999996,-0.0038178890621959,0.318492314999999,0.0388116643087323
"100","Poole",99,125,133,132,128,NA,NA,NA,NA,NA,8,0.064,-1,-0.007518796992,-4,-0.0303030303,NA,NA,NA,NA,"South West","E12000009",836,"E06000029","Known or believed to be other than English",9.317707125,10.26306876,10.67016099,10.94374709,NA,NA,NA,0.945361634999999,0.101458612330016,0.40709223,0.0396657412631424,0.273586100000001,0.0256402972978949,NA,NA,NA,NA,NA,NA
"101","Portsmouth",100,138,151,129,142,158,147,164,17,0.1156462585,13,0.09420289855,-22,-0.1456953642,13,0.1007751938,16,0.1126760563,-11,-0.06962025316,"South East","E12000008",851,"E06000044","Known or believed to be other than English",16.70477061,17.46495765,18.6398595,19.5304878,19.73562295,20.13527901,20.98843058,0.760187039999998,0.0455071822144583,1.17490185,0.0672719552801207,0.890628299999999,0.0477808483481326,0.20513515,0.0105033295686552,0.399656060000002,0.0202504912569786,0.853151569999998,0.0423709832665486
"102","Reading",101,123,115,145,136,140,148,159,11,0.07432432432,-8,-0.06504065041,30,0.2608695652,-9,-0.06206896552,4,0.02941176471,8,0.05714285714,"South East","E12000008",870,"E06000038","Known or believed to be other than English",34.59800414,34.79325354,35.93892274,36.75010488,36.50409398,36.73938002,37.82147182,0.195249400000002,0.00564337177398816,1.1456692,0.032927912265603,0.81118214,0.0225711311902278,-0.246010900000002,-0.0066941550453611,0.235286039999998,0.0064454699280828,1.0820918,0.0294531861836247
"103","Redbridge",102,159,164,204,221,241,255,272,17,0.06666666667,5,0.03144654088,40,0.243902439,17,0.08333333333,20,0.09049773756,14,0.05809128631,"London","E12000007",317,"E09000026","Known or believed to be other than English",65.83914737,66.2883959,66.6822352,66.32649669,66.07418338,64.68530281,63.43577348,0.449248529999991,0.00682342569649822,0.393839299999996,0.00594130080616412,-0.355738509999995,-0.00533483181739527,-0.252313310000005,-0.00380411031173981,-1.38888057,-0.0210200186964459,-1.24952932999999,-0.0193170515668796
"104","Redcar and Cleveland",103,122,115,148,106,95,109,80,-29,-0.2660550459,-7,-0.05737704918,33,0.2869565217,-42,-0.2837837838,-11,-0.1037735849,14,0.1473684211,"North East","E12000001",807,"E06000003","Known or believed to be other than English",1.216648879,1.162790698,1.296268545,1.493321327,1.683296519,1.712434434,1.891659501,-0.0538581810000001,-0.0442676452751658,0.133477847,0.114790948387859,0.197052782,0.152015400481696,0.189975192,0.127216553172551,0.029137915,0.0173100310439126,0.179225067,0.104660980555825
"105","Richmond upon Thames",104,68,79,79,73,67,72,97,25,0.3472222222,11,0.1617647059,0,0,-6,-0.07594936709,-6,-0.08219178082,5,0.07462686567,"London","E12000007",318,"E09000027","Known or believed to be other than English",23.12715533,25.53312079,26.70432081,26.98825124,26.66136544,26.43253235,27.71005917,2.40596546,0.104032053474343,1.17120002,0.0458698343078648,0.283930430000002,0.0106323778844687,-0.326885799999999,-0.0121121519543109,-0.228833090000002,-0.00858294713055784,1.27752682,0.048331609059773
"106","Rochdale",105,115,115,123,123,177,170,198,28,0.1647058824,0,0,8,0.06956521739,0,0,54,0.4390243902,-7,-0.0395480226,"North West","E12000002",354,"E08000005","Known or believed to be other than English",27.04042938,28.50894632,28.67126681,28.30612155,28.29708874,27.62030905,27.32171018,1.46851694,0.0543081960483277,0.162320489999999,0.0056936685129652,-0.365145259999998,-0.0127355816685659,-0.00903281000000078,-0.000319111538613483,-0.67677969,-0.023916937046719,-0.298598869999999,-0.01081084463825
"107","Rotherham",106,132,170,215,211,210,234,255,21,0.08974358974,38,0.2878787879,45,0.2647058824,-4,-0.01860465116,-1,-0.004739336493,24,0.1142857143,"Yorkshire and The Humber","E12000003",372,"E08000018","Known or believed to be other than English",11.23752392,11.43163484,11.43879517,11.51793423,11.59125369,11.46861032,11.8724778,0.19411092,0.0172734600061256,0.00716033000000138,0.000626360979879006,0.0791390599999993,0.00691847863554316,0.0733194600000004,0.0063656779536933,-0.12264337,-0.0105806820625285,0.403867480000001,0.0352150320510672
"108","Rutland",107,12,14,24,14,9,15,9,-6,-0.4,2,0.1666666667,10,0.7142857143,-10,-0.4166666667,-5,-0.3571428571,6,0.6666666667,"East Midlands","E12000004",857,"E06000017","Known or believed to be other than English",3.066721923,3.2405484,3.84219554,4.192872117,4.244954767,4.135997196,4.514752933,0.173826477,0.0566815255391515,0.60164714,0.185662136692666,0.350676577,0.0912698412533164,0.05208265,0.0124217120261863,-0.108957571,-0.0256675458233452,0.378755737,0.0915754336986257
"109","Salford",108,240,295,298,276,276,290,322,32,0.1103448276,55,0.2291666667,3,0.01016949153,-22,-0.07382550336,0,0,14,0.05072463768,"North West","E12000002",355,"E08000006","Known or believed to be other than English",18.00435081,18.77049636,19.00584795,19.31676502,19.8588333,19.78654215,20.82225914,0.766145550000001,0.0425533560240599,0.23535159,0.0125383786068404,0.310917069999999,0.0163590212243068,0.542068280000002,0.0280620631580268,-0.0722911500000016,-0.00364025161538577,1.03571699,0.052344516901858
"110","Sandwell",109,276,341,358,381,341,336,361,25,0.0744047619,65,0.2355072464,17,0.04985337243,23,0.06424581006,-40,-0.1049868766,-5,-0.0146627566,"West Midlands","E12000005",333,"E08000028","Known or believed to be other than English",32.49568026,32.89278343,32.8337728,32.52572099,33.32268115,32.4144461,32.53227247,0.397103170000001,0.0122201833235296,-0.0590106300000031,-0.00179402968817112,-0.308051809999995,-0.00938216305133216,0.796960159999998,0.0245024594610838,-0.908235050000002,-0.027255761501052,0.117826370000003,0.003634995632395
"111","Sefton",110,97,118,120,148,155,172,166,-6,-0.03488372093,21,0.2164948454,2,0.01694915254,28,0.2333333333,7,0.0472972973,17,0.1096774194,"North West","E12000002",343,"E08000014","Known or believed to be other than English",4.44572085,4.627075711,4.956943655,5.505823049,5.847213744,6.175709461,6.685982703,0.181354861,0.0407931282954934,0.329867944,0.0712908032206608,0.548879394,0.110729399444828,0.341390695,0.0620053881066893,0.328495717,0.0561798715391718,0.510273241999999,0.0826258497460749
"112","Sheffield",111,492,517,517,472,434,471,503,32,0.06794055202,25,0.05081300813,0,0,-45,-0.08704061896,-38,-0.08050847458,37,0.08525345622,"Yorkshire and The Humber","E12000003",373,"E08000019","Known or believed to be other than English",22.38002895,22.99571809,23.07773043,23.46625767,23.40067694,23.11132988,23.61909629,0.615689140000001,0.0275106498465902,0.0820123399999986,0.00356641787305884,0.388527240000002,0.0168355914017842,-0.0655807300000006,-0.00279468208873548,-0.289347060000001,-0.0123649012693904,0.507766410000002,0.0219704539996814
"113","Shropshire",112,140,112,160,154,132,153,191,38,0.2483660131,-28,-0.2,48,0.4285714286,-6,-0.0375,-22,-0.1428571429,21,0.1590909091,"West Midlands","E12000005",893,"E06000051","Known or believed to be other than English",3.460710754,3.728754769,4.116158252,4.368696878,4.470794906,4.351283297,4.437428747,0.268044015,0.0774534579898613,0.387403483,0.103896208520008,0.252538626,0.0613529924116241,0.102098028,0.0233703621128187,-0.119511609,-0.0267316241323462,0.0861454500000001,0.0197977111854319
"114","Slough",113,199,193,192,202,189,165,175,10,0.06060606061,-6,-0.03015075377,-1,-0.00518134715,10,0.05208333333,-13,-0.06435643564,-24,-0.126984127,"South East","E12000008",871,"E06000039","Known or believed to be other than English",60.09529482,59.20199501,57.63326821,57.1182485,56.5431546,55.2066021,55.22243161,-0.893299810000002,-0.0148647213176281,-1.5687268,-0.026497870548704,-0.515019709999997,-0.00893615312814476,-0.575093899999999,-0.010068479253176,-1.3365525,-0.0236377419946782,0.0158295100000032,0.000286732191402217
"115","Solihull",114,131,142,144,130,126,132,145,13,0.09848484848,11,0.08396946565,2,0.01408450704,-14,-0.09722222222,-4,-0.03076923077,6,0.04761904762,"West Midlands","E12000005",334,"E08000029","Known or believed to be other than English",7.841754296,9.912390488,10.9632174,11.01458855,11.1705121,11.32485702,13.10650198,2.070636192,0.264052674164531,1.050826912,0.106011452360774,0.0513711499999996,0.00468577317457917,0.155923550000001,0.0141560939196408,0.15434492,0.0138171749529728,1.78164496,0.157321629478727
"116","Somerset",115,300,329,313,305,356,389,415,26,0.06683804627,29,0.09666666667,-16,-0.04863221884,-8,-0.02555910543,51,0.1672131148,33,0.09269662921,"South West","E12000009",933,"E10000027","Known or believed to be other than English",6.641623789,7.264139294,7.705362345,7.996689987,8.207755676,8.522540309,8.833044918,0.622515505,0.0937294138868606,0.441223051000001,0.0607398940387115,0.291327642,0.0378084285924648,0.211065689,0.0263941317398978,0.314784633,0.0383520959231828,0.310504609000001,0.0364333400303312
"117","South Gloucestershire",116,161,146,119,135,163,170,202,32,0.1882352941,-15,-0.09316770186,-27,-0.1849315068,16,0.1344537815,28,0.2074074074,7,0.04294478528,"South West","E12000009",803,"E06000025","Known or believed to be other than English",7.366386291,7.968539791,8.793080854,9.15474529,9.484908419,9.750508064,11.17398065,0.6021535,0.0817434052753506,0.824541062999999,0.103474549243171,0.361664436,0.0411305709574452,0.330163129000001,0.0360646985296956,0.265599645,0.0280023415374212,1.423472586,0.145989580917904
"118","South Tyneside",117,140,148,140,143,147,154,159,5,0.03246753247,8,0.05714285714,-8,-0.05405405405,3,0.02142857143,4,0.02797202797,7,0.04761904762,"North East","E12000001",393,"E08000023","Known or believed to be other than English",5.451876704,5.747716309,5.477210752,5.408960768,5.576208178,5.445467312,5.567284385,0.295839605,0.0542638106219359,-0.270505557,-0.0470631364628125,-0.0682499840000004,-0.0124607189845815,0.16724741,0.0309204331799657,-0.130740866,-0.0234461953045111,0.121817073,0.0223703616274687
"119","Southampton",118,176,240,201,222,198,249,186,-63,-0.2530120482,64,0.3636363636,-39,-0.1625,21,0.1044776119,-24,-0.1081081081,51,0.2575757576,"South East","E12000008",852,"E06000045","Known or believed to be other than English",27.28458719,28.48975703,30.59705124,30.59791818,30.62451134,30.02136221,31.16017704,1.20516984,0.0441703527199306,2.10729421,0.0739667315442879,0.000866940000001648,2.83341029565713e-05,0.0265931600000009,0.00086911664524233,-0.603149130000002,-0.0196949797273076,1.13881483,0.037933482899076
"120","Southend-on-Sea",119,51,80,94,97,93,101,120,19,0.1881188119,29,0.568627451,14,0.175,3,0.03191489362,-4,-0.0412371134,8,0.08602150538,"East of England","E12000006",882,"E06000033","Known or believed to be other than English",13.07941653,13.78686591,14.49861076,14.54419803,14.16724257,14.11361907,14.59751829,0.70744938,0.0540887568170443,0.711744850000001,0.0516248474922609,0.0455872700000004,0.0031442509047674,-0.37695546,-0.0259179268064462,-0.0536235000000005,-0.0037850343660771,0.48389922,0.0342859770835518
"121","Southwark",120,221,225,269,237,264,259,244,-15,-0.05791505792,4,0.01809954751,44,0.1955555556,-32,-0.1189591078,27,0.1139240506,-5,-0.01893939394,"London","E12000007",210,"E09000028","Known or believed to be other than English",45.49514862,45.90489781,43.77081681,42.46817397,41.67763158,40.26957638,38.91753713,0.409749189999999,0.0090064370032604,-2.134081,-0.046489178754584,-1.30264284,-0.0297605330431575,-0.790542389999999,-0.0186149371658515,-1.40805520000001,-0.0337844341585786,-1.35203925,-0.033574707546998
"122","St. Helens",121,134,102,128,108,110,115,134,19,0.1652173913,-32,-0.2388059701,26,0.2549019608,-20,-0.15625,2,0.01851851852,5,0.04545454545,"North West","E12000002",342,"E08000013","Known or believed to be other than English",2.435635472,2.69058296,3.362453648,3.771090405,4.308476737,4.545161913,5.003215434,0.254947488,0.104673909922429,0.671870688,0.249711939006705,0.408636757,0.121529335353978,0.537386332000001,0.142501577604051,0.236685176,0.0549347693971313,0.458053521,0.100778262637879
"123","Staffordshire",122,321,326,325,386,342,341,438,97,0.284457478,5,0.01557632399,-1,-0.003067484663,61,0.1876923077,-44,-0.1139896373,-1,-0.002923976608,"West Midlands","E12000005",860,"E10000028","Known or believed to be other than English",6.77484555,7.521393184,7.797326271,7.877334838,7.804901156,7.77555619,7.94089624,0.746547634,0.110194044792652,0.275933087,0.0366864329851793,0.0800085670000001,0.0102610259234079,-0.0724336820000007,-0.00919520161191867,-0.029344966,-0.00375981263740171,0.16534005,0.0212640801455002
"124","Stockport",123,153,131,156,199,207,168,186,18,0.1071428571,-22,-0.1437908497,25,0.1908396947,43,0.2756410256,8,0.04020100503,-39,-0.1884057971,"North West","E12000002",356,"E08000007","Known or believed to be other than English",8.59937441,9.370267233,10.14742485,10.26909755,10.59371803,10.69600428,11.87051725,0.770892823000001,0.0896452214132633,0.777157617,0.0829386822889131,0.1216727,0.0119905002302135,0.32462048,0.0316113931549905,0.102286250000001,0.00965536837117427,1.17451297,0.109808573300234
"125","Stockton-on-Tees",124,153,161,169,159,132,148,151,3,0.02027027027,8,0.0522875817,8,0.04968944099,-10,-0.05917159763,-27,-0.1698113208,16,0.1212121212,"North East","E12000001",808,"E06000004","Known or believed to be other than English",6.400449154,6.76285558,7.030897892,7.306846653,7.14465156,6.932409012,7.059428865,0.362406426,0.0566220303107184,0.268042312,0.039634487063821,0.275948761,0.0392480114544096,-0.162195093,-0.0221976867317186,-0.212242548,-0.0297064939021323,0.127019853,0.0183226137955982
"126","Stoke-on-Trent",125,217,246,270,273,277,248,260,12,0.04838709677,29,0.133640553,24,0.09756097561,3,0.01111111111,4,0.01465201465,-29,-0.1046931408,"West Midlands","E12000005",861,"E06000021","Known or believed to be other than English",20.66496719,21.54655445,21.76336657,22.12251874,22.5627177,22.65337178,23.32647379,0.88158726,0.0426609561919174,0.21681212,0.0100624960943581,0.359152170000002,0.016502601692841,0.44019896,0.019898229725717,0.0906540800000002,0.00401787059543807,0.673102010000001,0.0297131048100426
"127","Suffolk",126,323,349,377,361,413,419,457,38,0.09069212411,26,0.08049535604,28,0.08022922636,-16,-0.0424403183,52,0.1440443213,6,0.01452784504,"East of England","E12000006",935,"E10000029","Known or believed to be other than English",8.897998553,9.412166635,9.667512121,9.880693769,10.29032426,10.21329679,10.36801008,0.514168081999999,0.0577846893250668,0.255345486,0.0271292993316198,0.213181648000001,0.0220513453028854,0.409630491,0.0414576648742204,-0.0770274700000009,-0.00748542689751944,0.15471329,0.0151482222813188
"128","Sunderland",127,179,185,189,168,182,171,214,43,0.2514619883,6,0.03351955307,4,0.02162162162,-21,-0.1111111111,14,0.08333333333,-11,-0.06043956044,"North East","E12000001",394,"E08000024","Known or believed to be other than English",5.744633522,5.750465958,5.914315569,5.881358797,5.823464258,5.637636081,5.974801922,0.00583243600000038,0.00101528426098273,0.163849611,0.0284932755357074,-0.0329567720000004,-0.00557237293402873,-0.0578945390000003,-0.00984373526565519,-0.185828176999999,-0.0319102459922747,0.337165841,0.0598062443470444
"129","Surrey",128,583,529,591,606,735,746,783,37,0.04959785523,-54,-0.09262435678,62,0.1172022684,15,0.02538071066,129,0.2128712871,11,0.01496598639,"South East","E12000008",936,"E10000030","Known or believed to be other than English",12.67289617,13.40424964,14.08740859,14.45338157,14.48597128,14.31544891,15.04423823,0.73135347,0.0577100498725226,0.683158950000001,0.0509658480219114,0.365972979999999,0.0259787297047511,0.0325897099999999,0.00225481558361708,-0.170522369999999,-0.0117715524008687,0.728789319999999,0.0509092886001574
"130","Sutton",129,126,145,111,129,125,130,174,44,0.3384615385,19,0.1507936508,-34,-0.2344827586,18,0.1621621622,-4,-0.03100775194,5,0.04,"London","E12000007",319,"E09000029","Known or believed to be other than English",27.41318316,28.27734891,30.46726001,31.88443792,32.8626511,33.44377827,36.56857593,0.864165750000002,0.0315237287459907,2.1899111,0.0774440032186171,1.41717791,0.0465147804408684,0.978213180000001,0.0306799568634202,0.581127170000002,0.0176835145841293,3.12479766,0.0934343492763504
"131","Swindon",130,99,149,155,139,138,168,150,-18,-0.1071428571,50,0.5050505051,6,0.04026845638,-16,-0.1032258065,-1,-0.007194244604,30,0.2173913043,"South West","E12000009",866,"E06000030","Known or believed to be other than English",17.50972763,18.77782521,20.5415455,21.75960814,22.86511628,23.1887456,23.98954541,1.26809758,0.0724224617764656,1.76372029,0.093925695349467,1.21806264,0.0592975168299775,1.10550814,0.0508055169416299,0.323629320000002,0.0141538453615073,0.800799810000001,0.0345339857452229
"132","Tameside",131,148,127,127,168,151,171,217,46,0.269005848,-21,-0.1418918919,0,0,41,0.3228346457,-17,-0.1011904762,20,0.1324503311,"North West","E12000002",357,"E08000008","Known or believed to be other than English",14.24065421,14.29792082,14.24916181,14.30011395,14.67534753,14.93234823,15.34561586,0.0572666099999992,0.00402134685355858,-0.0487590099999995,-0.00341021681500678,0.0509521399999997,0.00357579910168763,0.37523358,0.0262399013960305,0.257000700000001,0.0175124098066249,0.41326763,0.0276759973471366
"133","Telford and Wrekin",132,139,132,141,153,139,131,192,61,0.465648855,-7,-0.05035971223,9,0.06818181818,12,0.08510638298,-14,-0.09150326797,-8,-0.05755395683,"West Midlands","E12000005",894,"E06000020","Known or believed to be other than English",9.789343247,11.27678705,12.50437828,13.50318471,14.16613751,14.39310064,15.53667418,1.487443803,0.151945208730508,1.22759123,0.108860017002804,0.99880643,0.0798765366525684,0.662952800000001,0.0490960328424628,0.22696313,0.0160215252633108,1.14357354,0.0794528968151507
"134","Thurrock",133,116,89,104,142,127,113,162,49,0.4336283186,-27,-0.2327586207,15,0.1685393258,38,0.3653846154,-15,-0.1056338028,-14,-0.1102362205,"East of England","E12000006",883,"E06000034","Known or believed to be other than English",17.37446093,18.68708351,20.11311223,20.79472365,22.11351351,22.91464336,23.82586318,1.31262258,0.0755489672622608,1.42602872,0.0763109299124654,0.681611420000003,0.0338889084993687,1.31878986,0.0634194463074771,0.801129849999999,0.0362280670431552,0.911219819999999,0.0397658303332197
"135","Torbay",134,100,87,78,111,92,98,116,18,0.1836734694,-13,-0.13,-9,-0.1034482759,33,0.4230769231,-19,-0.1711711712,6,0.0652173913,"South West","E12000009",880,"E06000027","Known or believed to be other than English",5.738705739,5.382470602,5.413924168,5.398953264,5.507033189,5.019341447,4.983831082,-0.356235137000001,-0.0620758674868171,0.0314535660000006,0.0058437041882427,-0.0149709040000001,-0.00276525927135966,0.108079925,0.0200186813471183,-0.487691742,-0.088557981269141,-0.0355103650000004,-0.00707470598981157
"136","Tower Hamlets",135,306,301,341,329,302,328,356,28,0.08536585366,-5,-0.01633986928,40,0.1328903654,-12,-0.03519061584,-27,-0.0820668693,26,0.08609271523,"London","E12000007",211,"E09000030","Known or believed to be other than English",74.81013303,76.16431452,75.19818364,73.34747397,70.15535568,67.96135569,68.25687359,1.35418149,0.0181015784246361,-0.966130880000009,-0.0126848234122335,-1.85070967,-0.0246110953804416,-3.19211829,-0.0435204938523938,-2.19399998999999,-0.0312734497421337,0.295517899999993,0.004348322616576
"137","Trafford",136,124,123,145,116,143,140,143,3,0.02142857143,-1,-0.008064516129,22,0.1788617886,-29,-0.2,27,0.2327586207,-3,-0.02097902098,"North West","E12000002",358,"E08000009","Known or believed to be other than English",18.11433248,19.47389308,19.91086643,20.23618287,20.95626519,21.32578749,23.40867758,1.3595606,0.0750544134872807,0.436973349999999,0.0224389313531138,0.325316440000002,0.0163386380569478,0.720082319999999,0.0355839006113903,0.3695223,0.0176330227094249,2.08289009,0.0976700199688616
"138","Wakefield",137,169,169,206,228,232,246,321,75,0.3048780488,0,0,37,0.2189349112,22,0.1067961165,4,0.01754385965,14,0.06034482759,"Yorkshire and The Humber","E12000003",384,"E08000036","Known or believed to be other than English",9.851749698,10.73366163,11.08780157,11.32307314,11.39757851,11.29126722,11.77342182,0.881911932,0.0895183047716931,0.35413994,0.0329933951905282,0.23527157,0.0212189556707588,0.0745053700000007,0.00657996014675577,-0.106311290000001,-0.00932753302876794,0.482154599999999,0.0427015489586473
"139","Walsall",138,143,174,226,237,266,247,275,28,0.1133603239,31,0.2167832168,52,0.2988505747,11,0.04867256637,29,0.1223628692,-19,-0.07142857143,"West Midlands","E12000005",335,"E08000030","Known or believed to be other than English",24.0370665,24.39904945,24.46058236,24.6421478,24.84590499,24.92233345,25.58003844,0.361982949999998,0.0150593646691454,0.0615329100000004,0.00252193882085847,0.18156544,0.00742277666687573,0.203757190000001,0.00826864572251291,0.0764284599999989,0.00307609885937984,0.657704989999999,0.0263901849848654
"140","Waltham Forest",139,275,264,301,275,274,250,254,4,0.016,-11,-0.04,37,0.1401515152,-26,-0.08637873754,-1,-0.003636363636,-24,-0.08759124088,"London","E12000007",320,"E09000031","Known or believed to be other than English",54.03825445,53.50841819,50.89206922,49.02744885,47.7111919,45.18574678,44.25137445,-0.529836259999996,-0.00980483669194456,-2.61634897,-0.0488960253078264,-1.86462037,-0.0366387218790316,-1.31625695,-0.0268473473712062,-2.52544512,-0.0529319226669749,-0.934372330000002,-0.0206784748861022
"141","Wandsworth",140,195,187,163,189,207,218,232,14,0.06422018349,-8,-0.04102564103,-24,-0.128342246,26,0.1595092025,18,0.09523809524,11,0.05314009662,"London","E12000007",212,"E09000032","Known or believed to be other than English",45.96995428,46.21197566,44.78206605,43.40306295,42.50954666,41.06458123,40.97510373,0.242021379999997,0.00526477312824504,-1.42990961,-0.0309424037725723,-1.3790031,-0.0307936462435725,-0.893516290000001,-0.0205864800608502,-1.44496543,-0.0339915511580757,-0.089477500000001,-0.00217894587792929
"142","Warrington",141,98,130,117,93,121,141,142,1,0.007092198582,32,0.3265306122,-13,-0.1,-24,-0.2051282051,28,0.3010752688,20,0.1652892562,"North West","E12000002",877,"E06000007","Known or believed to be other than English",7.437520826,7.723603911,9.093296911,9.440337909,9.774635909,9.580449827,12.0143615,0.286083085,0.0384648448983045,1.369693,0.177338586465999,0.347040998000001,0.0381644854882272,0.334298,0.0354116561528264,-0.194186082,-0.0198663238004807,2.433911673,0.254049832413991
"143","Warwickshire",142,281,346,303,311,312,318,329,11,0.03459119497,65,0.231316726,-43,-0.1242774566,8,0.02640264026,1,0.003215434084,6,0.01923076923,"West Midlands","E12000005",937,"E10000031","Known or believed to be other than English",9.777716416,10.47524059,11.38184684,12.03918424,12.26633743,12.35962364,13.03008102,0.697524174,0.0713381473059077,0.906606249999999,0.0865475348475981,0.657337400000001,0.0577531405263578,0.227153189999999,0.0188678223932554,0.0932862100000005,0.00760505819543564,0.67045738,0.0542457763705821
"144","West Berkshire",143,83,71,83,61,73,72,98,26,0.3611111111,-12,-0.1445783133,12,0.1690140845,-22,-0.265060241,12,0.1967213115,-1,-0.01369863014,"South East","E12000008",869,"E06000037","Known or believed to be other than English",8.435916003,8.665312252,9.444886734,9.913761867,10.57538237,10.4510451,11.34065934,0.229396248999999,0.0271928085721124,0.779574482000001,0.0899649613688267,0.468875132999999,0.0496432774902559,0.661620503,0.0667375827537617,-0.12433727,-0.0117572363485142,0.88961424,0.0851220362641053
"145","West Northamptonshire",144,NA,NA,NA,NA,NA,NA,252,NA,NA,NA,NA,NA,NA,NA,NA,NA,NA,NA,NA,"East Midlands","E12000004",941,"E06000062","Known or believed to be other than English",NA,NA,NA,NA,NA,NA,21.40545145,NA,NA,NA,NA,NA,NA,NA,NA,NA,NA,NA,NA
"146","West Sussex",145,550,572,506,552,541,569,630,61,0.1072056239,22,0.04,-66,-0.1153846154,46,0.09090909091,-11,-0.01992753623,28,0.05175600739,"South East","E12000008",938,"E10000032","Known or believed to be other than English",11.06177899,11.58414742,11.73204177,11.9392674,12.13034122,12.1383367,12.34811267,0.52236843,0.0472228228815843,0.14789435,0.0127669602809664,0.20722563,0.0176632195880769,0.19107382,0.0160038144383968,0.00799547999999994,0.000659130675303456,0.209775970000001,0.0172821017561657
"147","Westminster",146,117,122,108,100,87,91,63,-28,-0.3076923077,5,0.04273504274,-14,-0.1147540984,-8,-0.07407407407,-13,-0.13,4,0.04597701149,"London","E12000007",213,"E09000033","Known or believed to be other than English",68.91286879,68.9591507,66.10057553,64.21207658,61.91564513,59.83948989,60.18466389,0.0462819099999905,0.000671600396451736,-2.85857516999999,-0.0414531667078666,-1.88849895,-0.0285700833140688,-2.29643145,-0.0357632329043111,-2.07615524,-0.0335319972139649,0.345174,0.00576833125807918
"148","Wigan",147,133,159,174,206,207,196,266,70,0.3571428571,26,0.1954887218,15,0.09433962264,32,0.183908046,1,0.004854368932,-11,-0.05314009662,"North West","E12000002",359,"E08000010","Known or believed to be other than English",4.278485588,4.675266904,5.561524137,6.100256703,6.687386132,7.34773499,8.073675015,0.396781316,0.0927387291224879,0.886257233,0.189562917197679,0.538732566,0.0968677924844184,0.587129429,0.0962466757687853,0.660348858,0.0987454358049023,0.725940024999999,0.0987977963260756
"149","Wiltshire",148,344,334,343,334,362,353,411,58,0.164305949,-10,-0.02906976744,9,0.02694610778,-9,-0.02623906706,28,0.08383233533,-9,-0.02486187845,"South West","E12000009",865,"E06000054","Known or believed to be other than English",5.653710247,5.903249722,6.133560407,6.228151347,6.508122422,6.506893112,6.641600783,0.249539475,0.0441372946433559,0.230310685,0.0390142202762806,0.0945909399999998,0.0154218649077046,0.279971075,0.0449525163088494,-0.00122930999999937,-0.000188888579576165,0.134707671,0.0207023027244097
"150","Windsor and Maidenhead",149,70,79,95,91,87,70,94,24,0.3428571429,9,0.1285714286,16,0.2025316456,-4,-0.04210526316,-4,-0.04395604396,-17,-0.1954022989,"South East","E12000008",868,"E06000040","Known or believed to be other than English",17.52675386,17.23300971,17.87222066,17.0441989,17.10635169,16.13113533,16.89079638,-0.293744149999998,-0.0167597578163284,0.639210949999999,0.0370922410395368,-0.828021759999999,-0.0463300994180988,0.062152789999999,0.00364656563588911,-0.975216360000001,-0.0570090208404923,0.759661050000002,0.0470928446423245
"151","Wirral",150,164,162,226,219,244,237,232,-5,-0.02109704641,-2,-0.01219512195,64,0.3950617284,-7,-0.03097345133,25,0.1141552511,-7,-0.02868852459,"North West","E12000002",344,"E08000015","Known or believed to be other than English",3.790412486,3.844920031,4.070126941,4.020283828,4.079842071,4.262295082,4.727931391,0.0545075449999999,0.0143803729017159,0.22520691,0.0585725862135622,-0.0498431129999997,-0.0122460831621516,0.0595582429999997,0.0148144373750916,0.182453011,0.0447206062942724,0.465636309000001,0.109245441726083
"152","Wokingham",151,87,99,91,103,108,98,136,38,0.387755102,12,0.1379310345,-8,-0.08080808081,12,0.1318681319,5,0.04854368932,-10,-0.09259259259,"South East","E12000008",872,"E06000041","Known or believed to be other than English",17.02980215,18.18329939,18.75938622,19.19087805,20.27963058,20.78925698,22.34398217,1.15349724,0.0677340364755794,0.576086830000001,0.0316821946140767,0.431491829999999,0.0230013831444001,1.08875253,0.0567328147864501,0.509626400000002,0.0251299646701948,1.55472519,0.0747850291857809
"153","Wolverhampton",152,102,121,133,142,151,188,246,58,0.3085106383,19,0.1862745098,12,0.09917355372,9,0.06766917293,9,0.06338028169,37,0.2450331126,"West Midlands","E12000005",336,"E08000031","Known or believed to be other than English",27.24581517,28.57290216,28.59899653,29.33109858,29.99774028,29.26515639,29.43008292,1.32708699,0.0487079201602028,0.0260943699999991,0.000913255848281641,0.732102049999998,0.0255988719475535,0.6666417,0.0227281531300898,-0.732583889999997,-0.0244213025101902,0.164926529999999,0.00563559366647891
"154","Worcestershire",153,473,514,563,615,622,671,724,53,0.07898658718,41,0.0866807611,49,0.0953307393,52,0.09236234458,7,0.01138211382,49,0.07877813505,"West Midlands","E12000005",885,"E10000034","Known or believed to be other than English",8.221987634,8.90682231,9.045936396,9.064697609,8.875020452,8.664582403,8.832695849,0.684834676000001,0.0832930802727113,0.139114085999999,0.0156188235442635,0.0187612129999994,0.00207399346830422,-0.189677157,-0.0209248190266906,-0.210438048999999,-0.0237112748233246,0.168113446,0.019402371422054
"155","York",154,65,61,90,70,62,90,74,-16,-0.1777777778,-4,-0.06153846154,29,0.4754098361,-20,-0.2222222222,-8,-0.1142857143,28,0.4516129032,"Yorkshire and The Humber","E12000003",816,"E06000014","Known or believed to be other than English",7.621924903,8.514431239,9.032346491,9.085307408,9.486984741,8.916883665,9.226594301,0.892506336,0.117097235587917,0.517915252,0.0608279328897168,0.0529609170000001,0.00586347269259116,0.401677333,0.0442117492520183,-0.570101076,-0.0600929685842319,0.309710636,0.0347330578300194
