"","la_name","index","201516_language","201617_language","201718_language","201819_language","201920_language","202021_language","202122_language","YOY21to22_language","YOYperc21to22_language","YOY16to17_language","YOYperc16to17_language","YOY17to18_language","YOYperc17to18_language","YOY18to19_language","YOYperc18to19_language","YOY19to20_language","YOYperc19to20_language","YOY20to21_language","YOYperc20to21_language","region_name","region_code","old_la_code","new_la_code","ncyear","201516_pupils","201617_pupils","201718_pupils","201819_pupils","201920_pupils","202021_pupils","202122_pupils","YOY21to22_pupils","YOYperc21to22_pupils","YOY16to17_pupils","YOYperc16to17_pupils","YOY17to18_pupils","YOYperc17to18_pupils","YOY18to19_pupils","YOYperc18to19_pupils","YOY19to20_pupils","YOYperc19to20_pupils","YOY20to21_pupils","YOYperc20to21_pupils"
"1","Barking and Dagenham",1,241,299,285,287,282,316,319,3,0.009493670886,58,0.2406639004,-14,-0.04682274247,2,0.00701754386,-5,-0.01742160279,34,0.1205673759,"London","E12000007",301,"E09000002","Year 1",3585,3529,3568,3381,3200,3231,3378,147,0.0454967502321263,-56,-0.0156206415620642,39,0.011051289317087,-187,-0.0524103139013453,-181,-0.0535344572611653,31,0.0096875
"2","Barnet",2,254,239,241,250,234,209,244,35,0.1674641148,-15,-0.05905511811,2,0.008368200837,9,0.03734439834,-16,-0.064,-25,-0.1068376068,"London","E12000007",302,"E09000003","Year 1",4302,4282,4317,4147,4008,3960,4052,92,0.0232323232323232,-20,-0.00464900046490005,35,0.00817375058383933,-170,-0.039379198517489,-139,-0.033518205931999,-48,-0.0119760479041916
"3","Barnsley",3,114,147,141,125,129,107,143,36,0.3364485981,33,0.2894736842,-6,-0.04081632653,-16,-0.1134751773,4,0.032,-22,-0.1705426357,"Yorkshire and The Humber","E12000003",370,"E08000016","Year 1",2804,2942,2941,2818,2714,2798,2721,-77,-0.0275196568977841,138,0.0492154065620542,-1,-0.000339904826648538,-123,-0.041822509350561,-104,-0.0369056068133428,84,0.0309506263817244
"4","Bath and North East Somerset",4,82,101,95,118,96,115,157,42,0.3652173913,19,0.2317073171,-6,-0.05940594059,23,0.2421052632,-22,-0.186440678,19,0.1979166667,"South West","E12000009",800,"E06000022","Year 1",1872,1914,1883,1879,1806,1843,1854,11,0.00596852957135106,42,0.0224358974358974,-31,-0.01619644723093,-4,-0.00212426978226235,-73,-0.038850452368281,37,0.0204872646733112
"5","Bedford",5,93,84,115,110,107,130,112,-18,-0.1384615385,-9,-0.09677419355,31,0.369047619,-5,-0.04347826087,-3,-0.02727272727,23,0.214953271,"East of England","E12000006",822,"E06000055","Year 1",2274,2252,2274,2238,2286,2161,2294,133,0.0615455807496529,-22,-0.00967458223394899,22,0.00976909413854352,-36,-0.0158311345646438,48,0.0214477211796247,-125,-0.0546806649168854
"6","Bexley",6,209,215,213,247,245,200,219,19,0.095,6,0.02870813397,-2,-0.009302325581,34,0.1596244131,-2,-0.008097165992,-45,-0.1836734694,"London","E12000007",303,"E09000004","Year 1",3119,3174,3139,2977,3045,3038,3039,1,0.00032916392363397,55,0.0176338570054505,-35,-0.0110270951480781,-162,-0.0516087926091112,68,0.0228417870339268,-7,-0.00229885057471264
"7","Birmingham",7,765,836,868,900,899,936,1114,178,0.1901709402,71,0.09281045752,32,0.03827751196,32,0.03686635945,-1,-0.001111111111,37,0.04115684093,"West Midlands","E12000005",330,"E08000025","Year 1",15384,15970,15800,15524,15084,14625,14999,374,0.0255726495726496,586,0.0380915236609464,-170,-0.010644959298685,-276,-0.0174683544303797,-440,-0.0283432105127544,-459,-0.0304295942720764
"8","Blackburn with Darwen",8,181,200,199,216,224,226,281,55,0.2433628319,19,0.1049723757,-1,-0.005,17,0.08542713568,8,0.03703703704,2,0.008928571429,"North West","E12000002",889,"E06000008","Year 1",2063,2161,2161,2103,2006,2064,2023,-41,-0.0198643410852713,98,0.0475036354823073,0,0,-58,-0.026839426191578,-97,-0.0461245839277223,58,0.028913260219342
"9","Blackpool",9,146,139,170,180,203,178,182,4,0.02247191011,-7,-0.04794520548,31,0.2230215827,10,0.05882352941,23,0.1277777778,-25,-0.1231527094,"North West","E12000002",890,"E06000009","Year 1",1618,1592,1638,1608,1611,1547,1492,-55,-0.0355526826115061,-26,-0.0160692212608158,46,0.028894472361809,-30,-0.0183150183150183,3,0.00186567164179104,-64,-0.0397268777157045
"10","Bolton",10,142,178,218,214,260,260,290,30,0.1153846154,36,0.2535211268,40,0.2247191011,-4,-0.01834862385,46,0.214953271,0,0,"North West","E12000002",350,"E08000001","Year 1",3856,3906,4061,3860,3969,3880,3950,70,0.0180412371134021,50,0.0129668049792531,155,0.0396825396825397,-201,-0.0494951982270377,109,0.0282383419689119,-89,-0.0224237843285462
"11","Bournemouth",11,127,153,154,155,NA,NA,NA,NA,NA,26,0.2047244094,1,0.006535947712,1,0.006493506494,NA,NA,NA,NA,"South West","E12000009",837,"E06000028","Year 1",1728,1819,1815,1818,NA,NA,NA,NA,NA,91,0.052662037037037,-4,-0.00219901044529962,3,0.00165289256198347,NA,NA,NA,NA
"12","Bournemouth, Christchurch and Poole",12,NA,NA,NA,NA,306,300,338,38,0.1266666667,NA,NA,NA,NA,NA,NA,NA,NA,-6,-0.01960784314,"South West","E12000009",839,"E06000058","Year 1",NA,NA,NA,NA,3734,3707,3852,145,0.03911518748314,NA,NA,NA,NA,NA,NA,NA,NA,-27,-0.00723085163363685
"13","Bracknell Forest",13,60,50,53,35,40,54,73,19,0.3518518519,-10,-0.1666666667,3,0.06,-18,-0.3396226415,5,0.1428571429,14,0.35,"South East","E12000008",867,"E06000036","Year 1",1498,1463,1478,1412,1360,1366,1349,-17,-0.0124450951683748,-35,-0.0233644859813084,15,0.0102529049897471,-66,-0.0446549391069012,-52,-0.0368271954674221,6,0.00441176470588235
"14","Bradford",14,485,477,487,507,540,527,529,2,0.003795066414,-8,-0.01649484536,10,0.02096436059,20,0.04106776181,33,0.0650887574,-13,-0.02407407407,"Yorkshire and The Humber","E12000003",380,"E08000032","Year 1",7881,7765,7553,7492,7438,7337,7376,39,0.00531552405615374,-116,-0.0147189442964091,-212,-0.02730199613651,-61,-0.00807626108830928,-54,-0.00720768820074746,-101,-0.0135789190642646
"15","Brent",15,249,283,251,267,248,240,269,29,0.1208333333,34,0.1365461847,-32,-0.1130742049,16,0.06374501992,-19,-0.07116104869,-8,-0.03225806452,"London","E12000007",304,"E09000005","Year 1",3790,3812,3727,3589,3568,3443,3458,15,0.00435666569851873,22,0.00580474934036939,-85,-0.0222980062959077,-138,-0.0370270995438691,-21,-0.00585121203677905,-125,-0.0350336322869955
"16","Brighton and Hove",16,179,174,148,160,151,165,176,11,0.06666666667,-5,-0.02793296089,-26,-0.1494252874,12,0.08108108108,-9,-0.05625,14,0.09271523179,"South East","E12000008",846,"E06000043","Year 1",2868,2781,2681,2581,2567,2495,2442,-53,-0.0212424849699399,-87,-0.0303347280334728,-100,-0.0359582883854729,-100,-0.0372995151063036,-14,-0.00542425416505231,-72,-0.0280483054148812
"17","Bristol, City of",17,306,279,311,333,290,281,388,107,0.3807829181,-27,-0.08823529412,32,0.1146953405,22,0.07073954984,-43,-0.1291291291,-9,-0.03103448276,"South West","E12000009",801,"E06000023","Year 1",5163,5289,5323,5305,5059,4976,4997,21,0.00422025723472669,126,0.0244044160371877,34,0.00642843637738703,-18,-0.00338155175652827,-246,-0.0463713477851084,-83,-0.0164064044277525
"18","Bromley",18,172,248,247,274,332,305,266,-39,-0.1278688525,76,0.4418604651,-1,-0.004032258065,27,0.1093117409,58,0.2116788321,-27,-0.0813253012,"London","E12000007",305,"E09000006","Year 1",4058,4046,3993,3945,3867,3946,4016,70,0.0177394830207805,-12,-0.00295712173484475,-53,-0.0130993573900148,-48,-0.0120210368144252,-78,-0.0197718631178707,79,0.0204292733385053
"19","Buckinghamshire",19,270,363,327,347,352,382,387,5,0.01308900524,93,0.3444444444,-36,-0.09917355372,20,0.06116207951,5,0.0144092219,30,0.08522727273,"South East","E12000008",825,"E10000002","Year 1",6290,6405,6349,6141,6069,6138,6206,68,0.0110785272075595,115,0.0182829888712242,-56,-0.0087431693989071,-208,-0.0327610647346039,-72,-0.0117244748412311,69,0.0113692535837865
"20","Bury",20,140,134,132,120,137,141,152,11,0.0780141844,-6,-0.04285714286,-2,-0.01492537313,-12,-0.09090909091,17,0.1416666667,4,0.02919708029,"North West","E12000002",351,"E08000002","Year 1",2358,2433,2453,2377,2315,2257,2260,3,0.00132919805050953,75,0.0318066157760814,20,0.0082203041512536,-76,-0.0309824704443539,-62,-0.0260832982751367,-58,-0.0250539956803456
"21","Calderdale",21,104,123,89,122,95,114,159,45,0.3947368421,19,0.1826923077,-34,-0.2764227642,33,0.3707865169,-27,-0.2213114754,19,0.2,"Yorkshire and The Humber","E12000003",381,"E08000033","Year 1",2798,2673,2767,2601,2578,2455,2481,26,0.0105906313645621,-125,-0.044674767691208,94,0.0351664796109241,-166,-0.0599927719551861,-23,-0.00884275278738946,-123,-0.047711404189294
"22","Cambridgeshire",22,258,275,301,282,346,318,418,100,0.3144654088,17,0.06589147287,26,0.09454545455,-19,-0.06312292359,64,0.2269503546,-28,-0.08092485549,"East of England","E12000006",873,"E10000003","Year 1",7301,7513,7549,7306,7157,7165,7205,40,0.00558269364968597,212,0.0290371182029859,36,0.00479169439637961,-243,-0.0321896939992052,-149,-0.0203941965507802,8,0.0011177867821713
"23","Camden",23,138,159,129,134,106,123,111,-12,-0.09756097561,21,0.152173913,-30,-0.1886792453,5,0.03875968992,-28,-0.2089552239,17,0.1603773585,"London","E12000007",202,"E09000007","Year 1",1646,1713,1546,1508,1417,1408,1430,22,0.015625,67,0.0407047387606318,-167,-0.0974897840046702,-38,-0.0245795601552393,-91,-0.0603448275862069,-9,-0.0063514467184192
"24","Central Bedfordshire",24,105,124,158,171,201,196,185,-11,-0.05612244898,19,0.180952381,34,0.2741935484,13,0.08227848101,30,0.1754385965,-5,-0.02487562189,"East of England","E12000006",823,"E06000056","Year 1",3517,3661,3613,3652,3615,3599,3719,120,0.0333425951653237,144,0.0409439863520046,-48,-0.0131111718109806,39,0.0107943537226681,-37,-0.01013143483023,-16,-0.00442600276625173
"25","Cheshire East",25,127,153,139,117,92,129,154,25,0.1937984496,26,0.2047244094,-14,-0.09150326797,-22,-0.1582733813,-25,-0.2136752137,37,0.402173913,"North West","E12000002",895,"E06000049","Year 1",4151,4225,4294,4046,4062,4068,4222,154,0.0378564405113078,74,0.0178270296314141,69,0.0163313609467456,-248,-0.0577550069864928,16,0.00395452298566485,6,0.00147710487444609
"26","Cheshire West and Chester",26,203,229,207,246,201,193,195,2,0.0103626943,26,0.1280788177,-22,-0.096069869,39,0.1884057971,-45,-0.1829268293,-8,-0.03980099502,"North West","E12000002",896,"E06000050","Year 1",3865,3943,3952,3858,3874,3742,3864,122,0.0326028861571352,78,0.0201811125485123,9,0.00228252599543495,-94,-0.0237854251012146,16,0.00414722654224987,-132,-0.0340733092410945
"27","City of London",27,2,3,3,3,1,3,7,4,1.333333333,1,0.5,0,0,0,0,-2,-0.6666666667,2,2,"London","E12000007",201,"E09000001","Year 1",30,30,59,30,29,27,31,4,0.148148148148148,0,0,29,0.966666666666667,-29,-0.491525423728814,-1,-0.0333333333333333,-2,-0.0689655172413793
"28","Cornwall",28,309,301,296,373,363,337,420,83,0.2462908012,-8,-0.02588996764,-5,-0.01661129568,77,0.2601351351,-10,-0.02680965147,-26,-0.07162534435,"South West","E12000009",908,"E06000052","Year 1",5739,6077,6057,5979,5756,5697,5589,-108,-0.018957345971564,338,0.0588952779229831,-20,-0.00329109758104328,-78,-0.0128776622090144,-223,-0.0372972068907844,-59,-0.0102501737317582
"29","County Durham",29,347,337,348,362,341,295,407,112,0.3796610169,-10,-0.0288184438,11,0.03264094955,14,0.04022988506,-21,-0.05801104972,-46,-0.1348973607,"North East","E12000001",840,"E06000047","Year 1",5717,5744,5580,5545,5393,5331,5399,68,0.0127555805664978,27,0.00472275669057198,-164,-0.0285515320334262,-35,-0.00627240143369176,-152,-0.0274120829576195,-62,-0.011496384201743
"30","Coventry",30,341,279,280,282,306,282,386,104,0.3687943262,-62,-0.1818181818,1,0.003584229391,2,0.007142857143,24,0.08510638298,-24,-0.07843137255,"West Midlands","E12000005",331,"E08000026","Year 1",4493,4538,4522,4395,4299,4230,4318,88,0.0208037825059102,45,0.0100155797907857,-16,-0.00352578228294403,-127,-0.0280849181777974,-96,-0.0218430034129693,-69,-0.0160502442428472
"31","Croydon",31,269,324,306,284,289,299,276,-23,-0.07692307692,55,0.2044609665,-18,-0.05555555556,-22,-0.07189542484,5,0.0176056338,10,0.03460207612,"London","E12000007",306,"E09000008","Year 1",4824,4763,4768,4574,4446,4357,4421,64,0.0146890061969245,-61,-0.0126451077943615,5,0.00104975855553223,-194,-0.0406879194630872,-128,-0.0279842588543944,-89,-0.0200179937022042
"32","Cumbria",32,207,181,177,191,223,263,275,12,0.04562737643,-26,-0.1256038647,-4,-0.02209944751,14,0.0790960452,32,0.167539267,40,0.1793721973,"North West","E12000002",909,"E10000006","Year 1",5105,5146,4982,5033,4891,4865,4924,59,0.0121274409044193,41,0.00803134182174339,-164,-0.0318694131364166,51,0.0102368526696106,-142,-0.0282137889926485,-26,-0.00531588632181558
"33","Darlington",33,93,72,84,97,61,69,79,10,0.1449275362,-21,-0.2258064516,12,0.1666666667,13,0.1547619048,-36,-0.3711340206,8,0.131147541,"North East","E12000001",841,"E06000005","Year 1",1266,1241,1269,1211,1140,1169,1172,3,0.00256629597946963,-25,-0.0197472353870458,28,0.0225624496373892,-58,-0.0457052797478329,-71,-0.0586292320396367,29,0.0254385964912281
"34","Derby",34,263,245,242,245,217,235,241,6,0.02553191489,-18,-0.06844106464,-3,-0.01224489796,3,0.01239669421,-28,-0.1142857143,18,0.08294930876,"East Midlands","E12000004",831,"E06000015","Year 1",3330,3320,3456,3344,3220,3211,3222,11,0.00342572407349735,-10,-0.003003003003003,136,0.0409638554216867,-112,-0.0324074074074074,-124,-0.0370813397129187,-9,-0.00279503105590062
"35","Derbyshire",35,328,401,456,394,430,476,489,13,0.02731092437,73,0.2225609756,55,0.1371571072,-62,-0.1359649123,36,0.09137055838,46,0.1069767442,"East Midlands","E12000004",830,"E10000007","Year 1",8503,8733,8682,8341,8214,8152,8145,-7,-0.000858684985279686,230,0.0270492767258615,-51,-0.00583991755410512,-341,-0.03927666436305,-127,-0.0152259920872797,-62,-0.00754808862916971
"36","Devon",36,477,509,433,533,535,548,569,21,0.03832116788,32,0.06708595388,-76,-0.1493123772,100,0.2309468822,2,0.003752345216,13,0.02429906542,"South West","E12000009",878,"E10000008","Year 1",7745,8035,8049,7693,7702,7480,7594,114,0.0152406417112299,290,0.0374435119431892,14,0.00174237710018668,-356,-0.044229096782209,9,0.00116989470947615,-222,-0.0288236821604778
"37","Doncaster",37,127,122,144,157,166,189,227,38,0.2010582011,-5,-0.03937007874,22,0.1803278689,13,0.09027777778,9,0.05732484076,23,0.1385542169,"Yorkshire and The Humber","E12000003",371,"E08000017","Year 1",3784,3883,3747,3772,3570,3570,3617,47,0.0131652661064426,99,0.0261627906976744,-136,-0.0350244656193665,25,0.00667200427008273,-202,-0.0535524920466596,0,0
"38","Dorset",38,299,298,346,401,328,299,341,42,0.1404682274,-1,-0.003344481605,48,0.1610738255,55,0.1589595376,-73,-0.1820448878,-29,-0.08841463415,"South West","E12000009",838,"E06000059","Year 1",NA,NA,NA,NA,3344,3241,3286,45,0.0138846035174329,NA,NA,NA,NA,NA,NA,NA,NA,-103,-0.0308014354066986
"39","Dorset",38,299,298,346,401,328,299,341,42,0.1404682274,-1,-0.003344481605,48,0.1610738255,55,0.1589595376,-73,-0.1820448878,-29,-0.08841463415,"South West","E12000009",835,"E10000009","Year 1",3997,4028,4008,3959,NA,NA,NA,NA,NA,31,0.00775581686264699,-20,-0.00496524329692155,-49,-0.0122255489021956,NA,NA,NA,NA
"40","Dudley",39,331,362,340,368,322,343,378,35,0.1020408163,31,0.09365558912,-22,-0.06077348066,28,0.08235294118,-46,-0.125,21,0.0652173913,"West Midlands","E12000005",332,"E08000027","Year 1",3816,3832,4024,3964,3839,3679,3737,58,0.0157651535743409,16,0.00419287211740042,192,0.0501043841336117,-60,-0.0149105367793241,-125,-0.0315338042381433,-160,-0.0416775201875488
"41","Ealing",40,308,302,347,331,358,363,344,-19,-0.0523415978,-6,-0.01948051948,45,0.1490066225,-16,-0.04610951009,27,0.08157099698,5,0.01396648045,"London","E12000007",307,"E09000009","Year 1",4542,4497,4346,4206,4205,3978,3904,-74,-0.0186023127199598,-45,-0.00990752972258917,-151,-0.0335779408494552,-140,-0.0322135296824666,-1,-0.000237755587256301,-227,-0.0539833531510107
"42","East Riding of Yorkshire",41,154,158,180,162,180,156,203,47,0.3012820513,4,0.02597402597,22,0.1392405063,-18,-0.1,18,0.1111111111,-24,-0.1333333333,"Yorkshire and The Humber","E12000003",811,"E06000011","Year 1",3461,3419,3647,3419,3283,3354,3294,-60,-0.0178890876565295,-42,-0.0121352210343831,228,0.0666861655454811,-228,-0.0625171373731834,-136,-0.0397777127815151,71,0.0216265610721901
"43","East Sussex",42,245,294,262,323,313,318,317,-1,-0.003144654088,49,0.2,-32,-0.1088435374,61,0.2328244275,-10,-0.03095975232,5,0.01597444089,"South East","E12000008",845,"E10000011","Year 1",5485,5559,5511,5388,5140,5118,5065,-53,-0.0103556076592419,74,0.0134913400182315,-48,-0.00863464651915812,-123,-0.0223189983669026,-248,-0.0460282108389013,-22,-0.00428015564202335
"44","Enfield",43,278,286,230,274,213,280,216,-64,-0.2285714286,8,0.02877697842,-56,-0.1958041958,44,0.1913043478,-61,-0.2226277372,67,0.3145539906,"London","E12000007",308,"E09000010","Year 1",4555,4463,4426,4216,4048,4040,4076,36,0.00891089108910891,-92,-0.0201975850713502,-37,-0.00829038763163791,-210,-0.0474469046543154,-168,-0.0398481973434535,-8,-0.00197628458498024
"45","Essex",44,715,686,727,722,739,748,870,122,0.1631016043,-29,-0.04055944056,41,0.05976676385,-5,-0.006877579092,17,0.02354570637,9,0.01217861976,"East of England","E12000006",881,"E10000012","Year 1",16700,16905,17032,16846,16731,16611,16815,204,0.0122810186021311,205,0.0122754491017964,127,0.0075125702454895,-186,-0.0109206200093941,-115,-0.00682654636115398,-120,-0.00717231486462256
"46","Gateshead",45,112,126,129,135,114,104,131,27,0.2596153846,14,0.125,3,0.02380952381,6,0.04651162791,-21,-0.1555555556,-10,-0.08771929825,"North East","E12000001",390,"E08000020","Year 1",2135,2242,2091,2112,2076,2084,2034,-50,-0.0239923224568138,107,0.0501170960187354,-151,-0.0673505798394291,21,0.0100430416068867,-36,-0.0170454545454545,8,0.00385356454720617
"47","Gloucestershire",46,295,293,287,276,299,274,258,-16,-0.05839416058,-2,-0.006779661017,-6,-0.0204778157,-11,-0.03832752613,23,0.08333333333,-25,-0.08361204013,"South West","E12000009",916,"E10000013","Year 1",6784,6893,6963,6794,6712,6607,6724,117,0.0177084909943999,109,0.0160672169811321,70,0.0101552299434209,-169,-0.0242711474938963,-82,-0.0120694730644686,-105,-0.0156436233611442
"48","Greenwich",47,314,345,396,351,354,364,432,68,0.1868131868,31,0.09872611465,51,0.147826087,-45,-0.1136363636,3,0.008547008547,10,0.02824858757,"London","E12000007",203,"E09000011","Year 1",3614,3586,3558,3609,3432,3469,3384,-85,-0.0245027385413664,-28,-0.00774764803541782,-28,-0.00780814277746793,51,0.0143338954468803,-177,-0.0490440565253533,37,0.0107808857808858
"49","Hackney",48,237,241,232,246,259,231,249,18,0.07792207792,4,0.01687763713,-9,-0.03734439834,14,0.06034482759,13,0.05284552846,-28,-0.1081081081,"London","E12000007",204,"E09000012","Year 1",2803,2778,2738,2612,2512,2539,2498,-41,-0.0161480897991335,-25,-0.00891901534070639,-40,-0.0143988480921526,-126,-0.0460189919649379,-100,-0.0382848392036753,27,0.0107484076433121
"50","Halton",49,85,72,89,91,79,118,134,16,0.1355932203,-13,-0.1529411765,17,0.2361111111,2,0.02247191011,-12,-0.1318681319,39,0.4936708861,"North West","E12000002",876,"E06000006","Year 1",1512,1439,1495,1510,1395,1475,1415,-60,-0.0406779661016949,-73,-0.0482804232804233,56,0.038915913829048,15,0.0100334448160535,-115,-0.076158940397351,80,0.0573476702508961
"51","Hammersmith and Fulham",50,112,129,112,107,105,113,110,-3,-0.02654867257,17,0.1517857143,-17,-0.1317829457,-5,-0.04464285714,-2,-0.01869158879,8,0.07619047619,"London","E12000007",205,"E09000013","Year 1",1475,1420,1402,1339,1312,1271,1280,9,0.00708103855232101,-55,-0.0372881355932203,-18,-0.0126760563380282,-63,-0.0449358059914408,-27,-0.0201643017176998,-41,-0.03125
"52","Hampshire",51,764,690,706,717,737,684,792,108,0.1578947368,-74,-0.09685863874,16,0.0231884058,11,0.01558073654,20,0.02789400279,-53,-0.07191316147,"South East","E12000008",850,"E10000014","Year 1",15141,15674,15602,15068,14929,14758,15057,299,0.0202601978587885,533,0.0352024304867578,-72,-0.00459359448768661,-534,-0.0342263812331752,-139,-0.00922484735864083,-171,-0.01145421662536
"53","Haringey",52,237,251,233,202,209,211,206,-5,-0.02369668246,14,0.05907172996,-18,-0.07171314741,-31,-0.1330472103,7,0.03465346535,2,0.00956937799,"London","E12000007",309,"E09000014","Year 1",3218,3148,3020,2918,2920,2818,2822,4,0.0014194464158978,-70,-0.0217526413921691,-128,-0.0406607369758577,-102,-0.0337748344370861,2,0.000685400959561343,-102,-0.0349315068493151
"54","Harrow",53,164,177,158,228,207,213,208,-5,-0.0234741784,13,0.07926829268,-19,-0.1073446328,70,0.4430379747,-21,-0.09210526316,6,0.02898550725,"London","E12000007",310,"E09000015","Year 1",3136,3026,3036,3114,2973,2934,2973,39,0.0132924335378323,-110,-0.0350765306122449,10,0.00330469266358229,78,0.0256916996047431,-141,-0.0452793834296724,-39,-0.0131180625630676
"55","Hartlepool",54,82,75,78,69,85,87,71,-16,-0.183908046,-7,-0.08536585366,3,0.04,-9,-0.1153846154,16,0.231884058,2,0.02352941176,"North East","E12000001",805,"E06000001","Year 1",1159,1199,1192,1077,1080,1058,1061,3,0.00283553875236295,40,0.0345125107851596,-7,-0.00583819849874896,-115,-0.0964765100671141,3,0.00278551532033426,-22,-0.0203703703703704
"56","Havering",55,121,121,124,158,142,163,225,62,0.3803680982,0,0,3,0.02479338843,34,0.2741935484,-16,-0.1012658228,21,0.1478873239,"London","E12000007",311,"E09000016","Year 1",3059,3200,3289,3306,3219,3295,3511,216,0.0655538694992413,141,0.0460934946060804,89,0.0278125,17,0.00516874429917908,-87,-0.0263157894736842,76,0.023609816713265
"57","Herefordshire, County of",56,151,145,141,118,119,106,144,38,0.358490566,-6,-0.03973509934,-4,-0.0275862069,-23,-0.1631205674,1,0.008474576271,-13,-0.1092436975,"West Midlands","E12000005",884,"E06000019","Year 1",1899,1963,1866,1943,1824,1766,1801,35,0.0198187995469989,64,0.0337019483938915,-97,-0.0494141619969435,77,0.0412647374062165,-119,-0.0612454966546577,-58,-0.0317982456140351
"58","Hertfordshire",57,684,727,759,753,723,672,672,0,0,43,0.06286549708,32,0.04401650619,-6,-0.00790513834,-30,-0.03984063745,-51,-0.07053941909,"East of England","E12000006",919,"E10000015","Year 1",14554,14768,14593,14133,13988,13927,13959,32,0.00229769512457816,214,0.0147038614813797,-175,-0.0118499458288191,-460,-0.0315219625848009,-145,-0.0102596759357532,-61,-0.0043608807549328
"59","Hillingdon",58,270,290,268,320,303,339,277,-62,-0.1828908555,20,0.07407407407,-22,-0.07586206897,52,0.1940298507,-17,-0.053125,36,0.1188118812,"London","E12000007",312,"E09000017","Year 1",4012,4154,4053,3886,3928,3839,3815,-24,-0.00625162802813233,142,0.0353938185443669,-101,-0.0243139142994704,-167,-0.0412040463853935,42,0.0108080288214102,-89,-0.0226578411405295
"60","Hounslow",59,236,195,246,260,270,278,289,11,0.03956834532,-41,-0.1737288136,51,0.2615384615,14,0.05691056911,10,0.03846153846,8,0.02962962963,"London","E12000007",313,"E09000018","Year 1",3302,3310,3470,3372,3137,3095,3097,2,0.000646203554119548,8,0.00242277407631738,160,0.0483383685800604,-98,-0.0282420749279539,-235,-0.0696915776986951,-42,-0.0133885878227606
"61","Isle of Wight",60,99,97,92,73,70,85,98,13,0.1529411765,-2,-0.0202020202,-5,-0.05154639175,-19,-0.2065217391,-3,-0.04109589041,15,0.2142857143,"South East","E12000008",921,"E06000046","Year 1",1348,1330,1348,1271,1264,1295,1128,-167,-0.128957528957529,-18,-0.013353115727003,18,0.0135338345864662,-77,-0.0571216617210683,-7,-0.00550747442958301,31,0.0245253164556962
"62","Islington",61,157,155,149,149,171,168,165,-3,-0.01785714286,-2,-0.0127388535,-6,-0.03870967742,0,0,22,0.1476510067,-3,-0.01754385965,"London","E12000007",206,"E09000019","Year 1",2057,2067,1924,1894,1843,1832,1793,-39,-0.0212882096069869,10,0.00486144871171609,-143,-0.0691823899371069,-30,-0.0155925155925156,-51,-0.0269271383315734,-11,-0.00596852957135106
"63","Kensington and Chelsea",62,49,67,47,45,64,47,55,8,0.170212766,18,0.3673469388,-20,-0.2985074627,-2,-0.04255319149,19,0.4222222222,-17,-0.265625,"London","E12000007",207,"E09000020","Year 1",1013,970,982,966,944,906,968,62,0.0684326710816777,-43,-0.0424481737413623,12,0.0123711340206186,-16,-0.0162932790224033,-22,-0.0227743271221532,-38,-0.0402542372881356
"64","Kent",63,863,846,887,940,912,963,1038,75,0.07788161994,-17,-0.01969872538,41,0.04846335697,53,0.05975197294,-28,-0.02978723404,51,0.05592105263,"South East","E12000008",886,"E10000016","Year 1",17629,17988,18377,17774,17555,17579,17904,325,0.0184879685988964,359,0.0203641726700323,389,0.0216255281298644,-603,-0.0328127550742776,-219,-0.0123213682907618,24,0.00136713187126175
"65","Kingston upon Hull, City of",64,265,265,268,255,294,367,386,19,0.05177111717,0,0,3,0.01132075472,-13,-0.04850746269,39,0.1529411765,73,0.2482993197,"Yorkshire and The Humber","E12000003",810,"E06000010","Year 1",3353,3407,3568,3404,3277,3240,3295,55,0.0169753086419753,54,0.0161049806143752,161,0.047255650132081,-164,-0.0459641255605381,-127,-0.0373090481786134,-37,-0.0112908147696063
"66","Kingston upon Thames",65,117,123,106,107,106,124,108,-16,-0.1290322581,6,0.05128205128,-17,-0.1382113821,1,0.009433962264,-1,-0.009345794393,18,0.1698113208,"London","E12000007",314,"E09000021","Year 1",1970,2000,1984,1935,1919,1907,1868,-39,-0.0204509701101206,30,0.0152284263959391,-16,-0.008,-49,-0.0246975806451613,-16,-0.0082687338501292,-12,-0.00625325690463783
"67","Kirklees",66,215,243,212,239,226,266,320,54,0.2030075188,28,0.1302325581,-31,-0.1275720165,27,0.1273584906,-13,-0.05439330544,40,0.1769911504,"Yorkshire and The Humber","E12000003",382,"E08000034","Year 1",5356,5518,5356,5267,5120,5121,5120,-1,-0.000195274360476469,162,0.0302464525765497,-162,-0.0293584632113084,-89,-0.0166168782673637,-147,-0.0279096259730397,1,0.0001953125
"68","Knowsley",67,97,98,99,108,108,137,167,30,0.2189781022,1,0.01030927835,1,0.01020408163,9,0.09090909091,0,0,29,0.2685185185,"North West","E12000002",340,"E08000011","Year 1",1811,1873,1935,1865,1809,1871,1885,14,0.00748262960983431,62,0.0342352291551629,62,0.0331019754404698,-70,-0.0361757105943152,-56,-0.0300268096514745,62,0.0342730790491984
"69","Lambeth",68,185,189,216,182,221,208,215,7,0.03365384615,4,0.02162162162,27,0.1428571429,-34,-0.1574074074,39,0.2142857143,-13,-0.05882352941,"London","E12000007",208,"E09000022","Year 1",3031,2884,2934,2959,2891,2795,2635,-160,-0.0572450805008945,-147,-0.0484988452655889,50,0.0173370319001387,25,0.00852079072937969,-68,-0.0229807367353836,-96,-0.0332065029401591
"70","Lancashire",69,446,507,521,588,628,576,622,46,0.07986111111,61,0.1367713004,14,0.02761341223,67,0.1285988484,40,0.06802721088,-52,-0.08280254777,"North West","E12000002",888,"E10000017","Year 1",13854,14197,14000,13924,13664,13684,13816,132,0.00964630225080386,343,0.0247581925797604,-197,-0.0138761710220469,-76,-0.00542857142857143,-260,-0.0186727951738006,20,0.00146370023419204
"71","Leeds",70,736,721,813,842,860,823,862,39,0.04738760632,-15,-0.02038043478,92,0.1276005548,29,0.0356703567,18,0.02137767221,-37,-0.04302325581,"Yorkshire and The Humber","E12000003",383,"E08000035","Year 1",9982,9837,10096,9774,9661,9605,9661,56,0.00583029672045809,-145,-0.0145261470647165,259,0.0263291653959541,-322,-0.0318938193343899,-113,-0.011561285041948,-56,-0.00579650139737087
"72","Leicester",71,295,301,268,299,263,322,316,-6,-0.01863354037,6,0.02033898305,-33,-0.1096345515,31,0.1156716418,-36,-0.1204013378,59,0.2243346008,"East Midlands","E12000004",856,"E06000016","Year 1",4574,4739,4755,4672,4613,4546,4541,-5,-0.0010998680158381,165,0.0360734586794928,16,0.00337623971301962,-83,-0.0174553101997897,-59,-0.0126284246575342,-67,-0.0145241708215912
"73","Leicestershire",72,241,242,244,282,260,307,335,28,0.09120521173,1,0.004149377593,2,0.00826446281,38,0.1557377049,-22,-0.0780141844,47,0.1807692308,"East Midlands","E12000004",855,"E10000018","Year 1",7688,7961,7889,7750,7596,7822,7808,-14,-0.00178982357453337,273,0.0355098855359001,-72,-0.00904408993844994,-139,-0.0176194701483078,-154,-0.0198709677419355,226,0.0297525013164824
"74","Lewisham",73,230,202,221,237,251,260,226,-34,-0.1307692308,-28,-0.1217391304,19,0.09405940594,16,0.07239819005,14,0.05907172996,9,0.03585657371,"London","E12000007",209,"E09000023","Year 1",3508,3549,3407,3385,3299,3148,3063,-85,-0.0270012706480305,41,0.0116875712656784,-142,-0.0400112707805015,-22,-0.00645729380686821,-86,-0.0254062038404727,-151,-0.0457714458926948
"75","Lincolnshire",74,342,302,307,328,392,354,390,36,0.1016949153,-40,-0.1169590643,5,0.01655629139,21,0.06840390879,64,0.1951219512,-38,-0.09693877551,"East Midlands","E12000004",925,"E10000019","Year 1",7989,8124,8082,7736,7895,7731,7787,56,0.00724356486871039,135,0.0168982350732257,-42,-0.0051698670605613,-346,-0.0428111853501609,159,0.0205532574974147,-164,-0.0207726409119696
"76","Liverpool",75,322,381,407,467,446,490,559,69,0.1408163265,59,0.1832298137,26,0.06824146982,60,0.1474201474,-21,-0.04496788009,44,0.09865470852,"North West","E12000002",341,"E08000012","Year 1",5076,5341,5487,5318,5324,5542,5497,-45,-0.00811981234211476,265,0.0522064617809299,146,0.0273357049241715,-169,-0.0308000728995808,6,0.00112824370063934,218,0.040946656649136
"77","Luton",76,134,186,190,162,187,197,249,52,0.2639593909,52,0.3880597015,4,0.02150537634,-28,-0.1473684211,25,0.1543209877,10,0.05347593583,"East of England","E12000006",821,"E06000032","Year 1",3245,3403,3293,3217,3209,3113,3219,106,0.0340507548988114,158,0.0486902927580894,-110,-0.0323244196297385,-76,-0.0230792590343152,-8,-0.00248678893378924,-96,-0.0299158616391399
"78","Manchester",77,305,408,434,430,485,497,546,49,0.0985915493,103,0.337704918,26,0.0637254902,-4,-0.009216589862,55,0.1279069767,12,0.02474226804,"North West","E12000002",352,"E08000003","Year 1",6940,7092,7043,7035,6890,6996,6918,-78,-0.0111492281303602,152,0.0219020172910663,-49,-0.00690919345741681,-8,-0.00113587959676274,-145,-0.0206112295664534,106,0.0153846153846154
"79","Medway",78,241,245,249,270,263,264,285,21,0.07954545455,4,0.01659751037,4,0.01632653061,21,0.0843373494,-7,-0.02592592593,1,0.003802281369,"South East","E12000008",887,"E06000035","Year 1",3474,3587,3596,3478,3442,3459,3611,152,0.0439433362243423,113,0.0325273459988486,9,0.00250906049623641,-118,-0.0328142380422692,-36,-0.0103507763082231,17,0.00493898895990703
"80","Merton",79,169,173,174,141,160,179,179,0,0,4,0.02366863905,1,0.005780346821,-33,-0.1896551724,19,0.134751773,19,0.11875,"London","E12000007",315,"E09000024","Year 1",2591,2590,2465,2392,2250,2283,2200,-83,-0.0363556723609286,-1,-0.000385951370127364,-125,-0.0482625482625483,-73,-0.0296146044624746,-142,-0.0593645484949833,33,0.0146666666666667
"81","Middlesbrough",80,85,102,90,88,90,99,98,-1,-0.0101010101,17,0.2,-12,-0.1176470588,-2,-0.02222222222,2,0.02272727273,9,0.1,"North East","E12000001",806,"E06000002","Year 1",1905,2039,1938,2001,1945,1880,1899,19,0.0101063829787234,134,0.0703412073490814,-101,-0.049534085335949,63,0.0325077399380805,-56,-0.0279860069965017,-65,-0.0334190231362468
"82","Milton Keynes",81,206,234,193,201,204,210,237,27,0.1285714286,28,0.1359223301,-41,-0.1752136752,8,0.0414507772,3,0.01492537313,6,0.02941176471,"South East","E12000008",826,"E06000042","Year 1",3812,3956,3805,3786,3605,3628,3556,-72,-0.019845644983462,144,0.0377754459601259,-151,-0.038169868554095,-19,-0.0049934296977661,-181,-0.0478077126254622,23,0.00638002773925104
"83","Newcastle upon Tyne",82,216,214,212,202,194,201,231,30,0.1492537313,-2,-0.009259259259,-2,-0.009345794393,-10,-0.04716981132,-8,-0.0396039604,7,0.03608247423,"North East","E12000001",391,"E08000021","Year 1",3149,3264,3165,3146,3133,3052,3129,77,0.0252293577981651,115,0.0365195300095268,-99,-0.0303308823529412,-19,-0.00600315955766193,-13,-0.00413223140495868,-81,-0.025853814235557
"84","Newham",83,259,265,244,274,304,313,358,45,0.1437699681,6,0.02316602317,-21,-0.07924528302,30,0.1229508197,30,0.1094890511,9,0.02960526316,"London","E12000007",316,"E09000025","Year 1",4744,4832,4802,4725,4506,4433,4346,-87,-0.019625535754568,88,0.0185497470489039,-30,-0.00620860927152318,-77,-0.0160349854227405,-219,-0.0463492063492063,-73,-0.0162006213936973
"85","Norfolk",84,565,539,550,562,579,609,657,48,0.07881773399,-26,-0.04601769912,11,0.02040816327,12,0.02181818182,17,0.03024911032,30,0.0518134715,"East of England","E12000006",926,"E10000020","Year 1",9091,9392,9577,9296,8907,8981,8971,-10,-0.0011134617525888,301,0.033109668903311,185,0.0196976149914821,-281,-0.0293411297901222,-389,-0.0418459552495697,74,0.00830807230268328
"86","North East Lincolnshire",85,47,79,70,75,79,99,109,10,0.101010101,32,0.6808510638,-9,-0.1139240506,5,0.07142857143,4,0.05333333333,20,0.253164557,"Yorkshire and The Humber","E12000003",812,"E06000012","Year 1",1972,1981,1986,1965,1860,1985,1810,-175,-0.0881612090680101,9,0.00456389452332657,5,0.00252397778899546,-21,-0.0105740181268882,-105,-0.0534351145038168,125,0.0672043010752688
"87","North Lincolnshire",86,83,100,101,107,135,118,143,25,0.2118644068,17,0.2048192771,1,0.01,6,0.05940594059,28,0.261682243,-17,-0.1259259259,"Yorkshire and The Humber","E12000003",813,"E06000013","Year 1",1935,1992,2011,1966,1855,1851,1860,9,0.00486223662884927,57,0.0294573643410853,19,0.00953815261044177,-45,-0.0223769269020388,-111,-0.0564598168870804,-4,-0.00215633423180593
"88","North Northamptonshire",87,NA,NA,NA,NA,NA,NA,237,NA,NA,NA,NA,NA,NA,NA,NA,NA,NA,NA,NA,"East Midlands","E12000004",940,"E06000061","Year 1",NA,NA,NA,NA,NA,NA,4072,NA,NA,NA,NA,NA,NA,NA,NA,NA,NA,NA,NA
"89","North Somerset",88,87,90,80,85,79,88,110,22,0.25,3,0.03448275862,-10,-0.1111111111,5,0.0625,-6,-0.07058823529,9,0.1139240506,"South West","E12000009",802,"E06000024","Year 1",2442,2523,2437,2424,2283,2336,2337,1,0.000428082191780822,81,0.0331695331695332,-86,-0.0340864050733254,-13,-0.00533442757488716,-141,-0.0581683168316832,53,0.0232150678931231
"90","North Tyneside",89,181,200,191,191,202,194,230,36,0.1855670103,19,0.1049723757,-9,-0.045,0,0,11,0.05759162304,-8,-0.0396039604,"North East","E12000001",392,"E08000022","Year 1",2256,2279,2231,2225,2273,2181,2228,47,0.0215497478221,23,0.0101950354609929,-48,-0.0210618692408951,-6,-0.00268937696100403,48,0.0215730337078652,-92,-0.0404751429828421
"91","North Yorkshire",90,231,250,296,306,294,282,352,70,0.2482269504,19,0.08225108225,46,0.184,10,0.03378378378,-12,-0.03921568627,-12,-0.04081632653,"Yorkshire and The Humber","E12000003",815,"E10000023","Year 1",6197,6192,6163,6007,5967,5865,6000,135,0.0230179028132992,-5,-0.000806842020332419,-29,-0.00468346253229974,-156,-0.0253123478825247,-40,-0.00665889795238888,-102,-0.0170940170940171
"92","Northamptonshire",91,320,394,439,433,416,453,NA,NA,NA,74,0.23125,45,0.114213198,-6,-0.01366742597,-17,-0.03926096998,37,0.08894230769,"East Midlands","E12000004",928,"E10000021","Year 1",9226,9389,9294,9130,8877,8892,NA,NA,NA,163,0.0176674615217863,-95,-0.0101182234529769,-164,-0.0176457929847213,-253,-0.027710843373494,15,0.00168976005407232
"93","Northumberland",92,227,222,234,240,234,265,289,24,0.09056603774,-5,-0.02202643172,12,0.05405405405,6,0.02564102564,-6,-0.025,31,0.1324786325,"North East","E12000001",929,"E06000048","Year 1",3003,3052,3207,3221,3060,3005,3150,145,0.0482529118136439,49,0.0163170163170163,155,0.050786369593709,14,0.00436545057686311,-161,-0.0499844768705371,-55,-0.0179738562091503
"94","Nottingham",93,158,171,159,163,183,188,163,-25,-0.1329787234,13,0.08227848101,-12,-0.0701754386,4,0.0251572327,20,0.1226993865,5,0.02732240437,"East Midlands","E12000004",892,"E06000018","Year 1",3630,3755,3771,3761,3618,3628,3729,101,0.0278390297684675,125,0.034435261707989,16,0.00426098535286285,-10,-0.00265181649429859,-143,-0.0380218027120447,10,0.00276395798783858
"95","Nottinghamshire",94,207,222,234,248,294,316,334,18,0.05696202532,15,0.07246376812,12,0.05405405405,14,0.05982905983,46,0.185483871,22,0.07482993197,"East Midlands","E12000004",891,"E10000024","Year 1",9445,9662,9770,9432,9284,9177,9348,171,0.0186335403726708,217,0.0229751191106406,108,0.0111778099772304,-338,-0.0345957011258956,-148,-0.0156912637828668,-107,-0.0115252046531667
"96","Oldham",95,201,198,178,255,215,227,286,59,0.2599118943,-3,-0.01492537313,-20,-0.101010101,77,0.4325842697,-40,-0.1568627451,12,0.05581395349,"North West","E12000002",353,"E08000004","Year 1",3476,3503,3379,3492,3381,3369,3424,55,0.0163253190857821,27,0.00776754890678941,-124,-0.0353982300884956,113,0.0334418467002072,-111,-0.031786941580756,-12,-0.00354924578527063
"97","Oxfordshire",96,271,303,312,364,330,404,490,86,0.2128712871,32,0.1180811808,9,0.0297029703,52,0.1666666667,-34,-0.09340659341,74,0.2242424242,"South East","E12000008",931,"E10000025","Year 1",7424,7860,7599,7322,7262,7310,7410,100,0.0136798905608755,436,0.0587284482758621,-261,-0.033206106870229,-277,-0.0364521647585209,-60,-0.00819448238186288,48,0.006609749380336
"98","Peterborough",97,102,108,150,157,174,152,200,48,0.3157894737,6,0.05882352941,42,0.3888888889,7,0.04666666667,17,0.1082802548,-22,-0.1264367816,"East of England","E12000006",874,"E06000031","Year 1",3060,3035,3139,3102,3015,2948,2949,1,0.00033921302578019,-25,-0.00816993464052288,104,0.0342668863261944,-37,-0.0117871933736859,-87,-0.0280464216634429,-67,-0.0222222222222222
"99","Plymouth",98,215,232,216,204,211,222,257,35,0.1576576577,17,0.07906976744,-16,-0.06896551724,-12,-0.05555555556,7,0.03431372549,11,0.05213270142,"South West","E12000009",879,"E06000026","Year 1",2929,3024,3035,2925,2827,2807,2771,-36,-0.012825080156751,95,0.0324342779105497,11,0.00363756613756614,-110,-0.0362438220757825,-98,-0.0335042735042735,-20,-0.00707463742483198
"100","Poole",99,125,133,132,128,NA,NA,NA,NA,NA,8,0.064,-1,-0.007518796992,-4,-0.0303030303,NA,NA,NA,NA,"South West","E12000009",836,"E06000029","Year 1",1719,1651,1661,1486,NA,NA,NA,NA,NA,-68,-0.0395578824898197,10,0.00605693519079346,-175,-0.105358217940999,NA,NA,NA,NA
"101","Portsmouth",100,138,151,129,142,158,147,164,17,0.1156462585,13,0.09420289855,-22,-0.1456953642,13,0.1007751938,16,0.1126760563,-11,-0.06962025316,"South East","E12000008",851,"E06000044","Year 1",2322,2304,2359,2379,2266,2270,2256,-14,-0.00616740088105727,-18,-0.00775193798449612,55,0.0238715277777778,20,0.00847816871555744,-113,-0.0474989491382934,4,0.00176522506619594
"102","Reading",101,123,115,145,136,140,148,159,11,0.07432432432,-8,-0.06504065041,30,0.2608695652,-9,-0.06206896552,4,0.02941176471,8,0.05714285714,"South East","E12000008",870,"E06000038","Year 1",1982,1987,2001,2009,1879,1774,1988,214,0.120631341600902,5,0.00252270433905146,14,0.00704579768495219,8,0.00399800099950025,-130,-0.0647088103534097,-105,-0.0558807876530069
"103","Redbridge",102,159,164,204,221,241,255,272,17,0.06666666667,5,0.03144654088,40,0.243902439,17,0.08333333333,20,0.09049773756,14,0.05809128631,"London","E12000007",317,"E09000026","Year 1",4032,3911,4050,3975,3821,3898,3829,-69,-0.0177013853258081,-121,-0.0300099206349206,139,0.0355407824085912,-75,-0.0185185185185185,-154,-0.0387421383647799,77,0.0201517927244177
"104","Redcar and Cleveland",103,122,115,148,106,95,109,80,-29,-0.2660550459,-7,-0.05737704918,33,0.2869565217,-42,-0.2837837838,-11,-0.1037735849,14,0.1473684211,"North East","E12000001",807,"E06000003","Year 1",1610,1667,1712,1603,1576,1484,1440,-44,-0.0296495956873315,57,0.0354037267080745,45,0.026994601079784,-109,-0.0636682242990654,-27,-0.0168434185901435,-92,-0.0583756345177665
"105","Richmond upon Thames",104,68,79,79,73,67,72,97,25,0.3472222222,11,0.1617647059,0,0,-6,-0.07594936709,-6,-0.08219178082,5,0.07462686567,"London","E12000007",318,"E09000027","Year 1",2584,2545,2502,2446,2362,2375,2361,-14,-0.00589473684210526,-39,-0.0150928792569659,-43,-0.0168958742632613,-56,-0.0223820943245404,-84,-0.0343417825020442,13,0.00550381033022862
"106","Rochdale",105,115,115,123,123,177,170,198,28,0.1647058824,0,0,8,0.06956521739,0,0,54,0.4390243902,-7,-0.0395480226,"North West","E12000002",354,"E08000005","Year 1",2923,2994,3080,3057,2991,2956,3051,95,0.0321380243572395,71,0.0242901128977078,86,0.0287241148964596,-23,-0.00746753246753247,-66,-0.0215897939156035,-35,-0.0117017719826145
"107","Rotherham",106,132,170,215,211,210,234,255,21,0.08974358974,38,0.2878787879,45,0.2647058824,-4,-0.01860465116,-1,-0.004739336493,24,0.1142857143,"Yorkshire and The Humber","E12000003",372,"E08000018","Year 1",3379,3283,3355,3280,3173,3030,3237,207,0.0683168316831683,-96,-0.0284107724178751,72,0.0219311605239111,-75,-0.022354694485842,-107,-0.0326219512195122,-143,-0.0450677592184053
"108","Rutland",107,12,14,24,14,9,15,9,-6,-0.4,2,0.1666666667,10,0.7142857143,-10,-0.4166666667,-5,-0.3571428571,6,0.6666666667,"East Midlands","E12000004",857,"E06000017","Year 1",419,403,406,401,396,398,382,-16,-0.0402010050251256,-16,-0.0381861575178998,3,0.00744416873449132,-5,-0.0123152709359606,-5,-0.0124688279301746,2,0.00505050505050505
"109","Salford",108,240,295,298,276,276,290,322,32,0.1103448276,55,0.2291666667,3,0.01016949153,-22,-0.07382550336,0,0,14,0.05072463768,"North West","E12000002",355,"E08000006","Year 1",3149,3240,3180,3177,3027,3005,3166,161,0.0535773710482529,91,0.0288980628771038,-60,-0.0185185185185185,-3,-0.000943396226415094,-150,-0.0472143531633617,-22,-0.00726792203501817
"110","Sandwell",109,276,341,358,381,341,336,361,25,0.0744047619,65,0.2355072464,17,0.04985337243,23,0.06424581006,-40,-0.1049868766,-5,-0.0146627566,"West Midlands","E12000005",333,"E08000028","Year 1",4610,4898,4981,5004,4727,4729,4768,39,0.0082469866779446,288,0.062472885032538,83,0.0169456921192323,23,0.00461754667737402,-277,-0.0553557154276579,2,0.000423101332769198
"111","Sefton",110,97,118,120,148,155,172,166,-6,-0.03488372093,21,0.2164948454,2,0.01694915254,28,0.2333333333,7,0.0472972973,17,0.1096774194,"North West","E12000002",343,"E08000014","Year 1",2989,3074,2984,2985,3031,2897,2982,85,0.0293406972730411,85,0.0284376045500167,-90,-0.0292778139232271,1,0.000335120643431635,46,0.0154103852596315,-134,-0.0442098317387001
"112","Sheffield",111,492,517,517,472,434,471,503,32,0.06794055202,25,0.05081300813,0,0,-45,-0.08704061896,-38,-0.08050847458,37,0.08525345622,"Yorkshire and The Humber","E12000003",373,"E08000019","Year 1",6342,6317,6452,6221,6095,6134,6122,-12,-0.0019563090968373,-25,-0.00394197414064964,135,0.0213709039100839,-231,-0.0358028518288903,-126,-0.0202539784600547,39,0.00639868744872847
"113","Shropshire",112,140,112,160,154,132,153,191,38,0.2483660131,-28,-0.2,48,0.4285714286,-6,-0.0375,-22,-0.1428571429,21,0.1590909091,"West Midlands","E12000005",893,"E06000051","Year 1",2868,2888,2992,2933,2845,2903,3010,107,0.0368584223217361,20,0.00697350069735007,104,0.03601108033241,-59,-0.0197192513368984,-88,-0.0300034094783498,58,0.0203866432337434
"114","Slough",113,199,193,192,202,189,165,175,10,0.06060606061,-6,-0.03015075377,-1,-0.00518134715,10,0.05208333333,-13,-0.06435643564,-24,-0.126984127,"South East","E12000008",871,"E06000039","Year 1",2414,2476,2429,2335,2289,2257,2273,16,0.00708905626938414,62,0.0256835128417564,-47,-0.0189822294022617,-94,-0.038699053108275,-46,-0.0197002141327623,-32,-0.0139799038881608
"115","Solihull",114,131,142,144,130,126,132,145,13,0.09848484848,11,0.08396946565,2,0.01408450704,-14,-0.09722222222,-4,-0.03076923077,6,0.04761904762,"West Midlands","E12000005",334,"E08000029","Year 1",2668,2861,2861,2755,2732,2720,2779,59,0.0216911764705882,193,0.0723388305847077,0,0,-106,-0.0370499825235932,-23,-0.00834845735027223,-12,-0.00439238653001464
"116","Somerset",115,300,329,313,305,356,389,415,26,0.06683804627,29,0.09666666667,-16,-0.04863221884,-8,-0.02555910543,51,0.1672131148,33,0.09269662921,"South West","E12000009",933,"E10000027","Year 1",5841,5895,5897,5642,5677,5609,5654,45,0.00802282046710644,54,0.00924499229583975,2,0.000339270568278202,-255,-0.0432423266067492,35,0.00620347394540943,-68,-0.011978157477541
"117","South Gloucestershire",116,161,146,119,135,163,170,202,32,0.1882352941,-15,-0.09316770186,-27,-0.1849315068,16,0.1344537815,28,0.2074074074,7,0.04294478528,"South West","E12000009",803,"E06000025","Year 1",3357,3287,3346,3257,3280,3306,3253,-53,-0.0160314579552329,-70,-0.0208519511468573,59,0.0179494980225129,-89,-0.0265989240884638,23,0.00706171323303654,26,0.00792682926829268
"118","South Tyneside",117,140,148,140,143,147,154,159,5,0.03246753247,8,0.05714285714,-8,-0.05405405405,3,0.02142857143,4,0.02797202797,7,0.04761904762,"North East","E12000001",393,"E08000023","Year 1",1653,1652,1718,1676,1637,1629,1789,160,0.098219766728054,-1,-0.000604960677555959,66,0.0399515738498789,-42,-0.0244470314318976,-39,-0.0232696897374702,-8,-0.00488698839340257
"119","Southampton",118,176,240,201,222,198,249,186,-63,-0.2530120482,64,0.3636363636,-39,-0.1625,21,0.1044776119,-24,-0.1081081081,51,0.2575757576,"South East","E12000008",852,"E06000045","Year 1",2959,3140,2992,2869,2863,2866,2699,-167,-0.0582693649685973,181,0.061169313957418,-148,-0.0471337579617834,-123,-0.0411096256684492,-6,-0.00209132101777623,3,0.00104785190359762
"120","Southend-on-Sea",119,51,80,94,97,93,101,120,19,0.1881188119,29,0.568627451,14,0.175,3,0.03191489362,-4,-0.0412371134,8,0.08602150538,"East of England","E12000006",882,"E06000033","Year 1",2190,2177,2154,2106,2122,2087,2140,53,0.0253953042644945,-13,-0.00593607305936073,-23,-0.0105649977032614,-48,-0.0222841225626741,16,0.00759734093067426,-35,-0.0164938737040528
"121","Southwark",120,221,225,269,237,264,259,244,-15,-0.05791505792,4,0.01809954751,44,0.1955555556,-32,-0.1189591078,27,0.1139240506,-5,-0.01893939394,"London","E12000007",210,"E09000028","Year 1",3407,3476,3435,3260,3163,3071,2900,-171,-0.0556821882123087,69,0.0202524214851776,-41,-0.011795166858458,-175,-0.0509461426491994,-97,-0.0297546012269939,-92,-0.0290863104647487
"122","St. Helens",121,134,102,128,108,110,115,134,19,0.1652173913,-32,-0.2388059701,26,0.2549019608,-20,-0.15625,2,0.01851851852,5,0.04545454545,"North West","E12000002",342,"E08000013","Year 1",2078,2106,2174,2100,2041,2011,2015,4,0.00198906016907011,28,0.0134744947064485,68,0.0322886989553656,-74,-0.0340386384544618,-59,-0.0280952380952381,-30,-0.0146986771190593
"123","Staffordshire",122,321,326,325,386,342,341,438,97,0.284457478,5,0.01557632399,-1,-0.003067484663,61,0.1876923077,-44,-0.1139896373,-1,-0.002923976608,"West Midlands","E12000005",860,"E10000028","Year 1",9393,9608,9499,9518,9357,9136,9365,229,0.0250656742556918,215,0.0228893857127648,-109,-0.0113447127393838,19,0.00200021054847879,-161,-0.01691531834419,-221,-0.0236186812012397
"124","Stockport",123,153,131,156,199,207,168,186,18,0.1071428571,-22,-0.1437908497,25,0.1908396947,43,0.2756410256,8,0.04020100503,-39,-0.1884057971,"North West","E12000002",356,"E08000007","Year 1",3465,3522,3594,3548,3507,3497,3495,-2,-0.00057191878753217,57,0.0164502164502165,72,0.020442930153322,-46,-0.0127991096271564,-41,-0.0115558060879369,-10,-0.00285143997718848
"125","Stockton-on-Tees",124,153,161,169,159,132,148,151,3,0.02027027027,8,0.0522875817,8,0.04968944099,-10,-0.05917159763,-27,-0.1698113208,16,0.1212121212,"North East","E12000001",808,"E06000004","Year 1",2512,2537,2519,2409,2422,2345,2354,9,0.00383795309168444,25,0.00995222929936306,-18,-0.00709499408750493,-110,-0.0436681222707424,13,0.0053964300539643,-77,-0.0317919075144509
"126","Stoke-on-Trent",125,217,246,270,273,277,248,260,12,0.04838709677,29,0.133640553,24,0.09756097561,3,0.01111111111,4,0.01465201465,-29,-0.1046931408,"West Midlands","E12000005",861,"E06000021","Year 1",3216,3406,3337,3286,3334,3098,3129,31,0.0100064557779212,190,0.0590796019900498,-69,-0.0202583675866119,-51,-0.0152831884926581,48,0.014607425441266,-236,-0.0707858428314337
"127","Suffolk",126,323,349,377,361,413,419,457,38,0.09069212411,26,0.08049535604,28,0.08022922636,-16,-0.0424403183,52,0.1440443213,6,0.01452784504,"East of England","E12000006",935,"E10000029","Year 1",7938,8216,8223,7935,7773,7712,7757,45,0.0058350622406639,278,0.0350214159737969,7,0.000851996105160662,-288,-0.0350237139730026,-162,-0.0204158790170132,-61,-0.0078476778592564
"128","Sunderland",127,179,185,189,168,182,171,214,43,0.2514619883,6,0.03351955307,4,0.02162162162,-21,-0.1111111111,14,0.08333333333,-11,-0.06043956044,"North East","E12000001",394,"E08000024","Year 1",2996,3104,3118,2869,2822,2833,2889,56,0.0197670314154606,108,0.0360480640854473,14,0.00451030927835052,-249,-0.0798588838999359,-47,-0.0163820146392471,11,0.0038979447200567
"129","Surrey",128,583,529,591,606,735,746,783,37,0.04959785523,-54,-0.09262435678,62,0.1172022684,15,0.02538071066,129,0.2128712871,11,0.01496598639,"South East","E12000008",936,"E10000030","Year 1",13128,13453,13400,12781,12891,12709,12880,171,0.0134550318671807,325,0.0247562461913467,-53,-0.00393964171560247,-619,-0.0461940298507463,110,0.00860652531100853,-182,-0.0141183771623613
"130","Sutton",129,126,145,111,129,125,130,174,44,0.3384615385,19,0.1507936508,-34,-0.2344827586,18,0.1621621622,-4,-0.03100775194,5,0.04,"London","E12000007",319,"E09000029","Year 1",2532,2543,2616,2497,2451,2529,2529,0,0,11,0.00434439178515008,73,0.0287062524577271,-119,-0.0454892966360856,-46,-0.0184221065278334,78,0.0318237454100367
"131","Swindon",130,99,149,155,139,138,168,150,-18,-0.1071428571,50,0.5050505051,6,0.04026845638,-16,-0.1032258065,-1,-0.007194244604,30,0.2173913043,"South West","E12000009",866,"E06000030","Year 1",2791,2901,2985,2826,2849,2762,2729,-33,-0.0119478638667632,110,0.039412396990326,84,0.0289555325749741,-159,-0.0532663316582915,23,0.00813871196036801,-87,-0.0305370305370305
"132","Tameside",131,148,127,127,168,151,171,217,46,0.269005848,-21,-0.1418918919,0,0,41,0.3228346457,-17,-0.1011904762,20,0.1324503311,"North West","E12000002",357,"E08000008","Year 1",3128,3029,3088,3012,2894,2874,2804,-70,-0.0243562978427279,-99,-0.0316496163682864,59,0.0194783757015517,-76,-0.0246113989637306,-118,-0.0391766268260292,-20,-0.00691085003455425
"133","Telford and Wrekin",132,139,132,141,153,139,131,192,61,0.465648855,-7,-0.05035971223,9,0.06818181818,12,0.08510638298,-14,-0.09150326797,-8,-0.05755395683,"West Midlands","E12000005",894,"E06000020","Year 1",2221,2335,2279,2323,2267,2134,2209,75,0.03514526710403,114,0.0513282305267897,-56,-0.023982869379015,44,0.0193067134708205,-56,-0.0241067585019372,-133,-0.05866784296427
"134","Thurrock",133,116,89,104,142,127,113,162,49,0.4336283186,-27,-0.2327586207,15,0.1685393258,38,0.3653846154,-15,-0.1056338028,-14,-0.1102362205,"East of England","E12000006",883,"E06000034","Year 1",2365,2486,2545,2429,2446,2497,2559,62,0.0248297957549059,121,0.0511627906976744,59,0.0237329042638777,-116,-0.0455795677799607,17,0.00699876492383697,51,0.0208503679476697
"135","Torbay",134,100,87,78,111,92,98,116,18,0.1836734694,-13,-0.13,-9,-0.1034482759,33,0.4230769231,-19,-0.1711711712,6,0.0652173913,"South West","E12000009",880,"E06000027","Year 1",1389,1431,1452,1414,1449,1342,1335,-7,-0.00521609538002981,42,0.0302375809935205,21,0.0146750524109015,-38,-0.0261707988980716,35,0.0247524752475248,-107,-0.0738440303657695
"136","Tower Hamlets",135,306,301,341,329,302,328,356,28,0.08536585366,-5,-0.01633986928,40,0.1328903654,-12,-0.03519061584,-27,-0.0820668693,26,0.08609271523,"London","E12000007",211,"E09000030","Year 1",3391,3380,3470,3289,3282,3170,3371,201,0.0634069400630915,-11,-0.00324388086110292,90,0.0266272189349112,-181,-0.0521613832853026,-7,-0.00212830647613256,-112,-0.0341255332114564
"137","Trafford",136,124,123,145,116,143,140,143,3,0.02142857143,-1,-0.008064516129,22,0.1788617886,-29,-0.2,27,0.2327586207,-3,-0.02097902098,"North West","E12000002",358,"E08000009","Year 1",2963,3088,3103,2937,2927,2900,2977,77,0.026551724137931,125,0.0421869726628417,15,0.00485751295336788,-166,-0.0534966161778924,-10,-0.00340483486550902,-27,-0.00922446190638879
"138","Wakefield",137,169,169,206,228,232,246,321,75,0.3048780488,0,0,37,0.2189349112,22,0.1067961165,4,0.01754385965,14,0.06034482759,"Yorkshire and The Humber","E12000003",384,"E08000036","Year 1",4150,4194,4188,4188,4108,4027,4167,140,0.0347653339955302,44,0.0106024096385542,-6,-0.00143061516452074,0,0,-80,-0.0191021967526266,-81,-0.0197176241480039
"139","Walsall",138,143,174,226,237,266,247,275,28,0.1133603239,31,0.2167832168,52,0.2988505747,11,0.04867256637,29,0.1223628692,-19,-0.07142857143,"West Midlands","E12000005",335,"E08000030","Year 1",3629,3755,3712,3758,3782,3736,3714,-22,-0.00588865096359743,126,0.0347203086249656,-43,-0.0114513981358189,46,0.0123922413793103,24,0.00638637573177222,-46,-0.01216287678477
"140","Waltham Forest",139,275,264,301,275,274,250,254,4,0.016,-11,-0.04,37,0.1401515152,-26,-0.08637873754,-1,-0.003636363636,-24,-0.08759124088,"London","E12000007",320,"E09000031","Year 1",3507,3549,3586,3426,3271,3365,3345,-20,-0.00594353640416048,42,0.0119760479041916,37,0.0104254719639335,-160,-0.0446179587283882,-155,-0.0452422650321074,94,0.0287373891776215
"141","Wandsworth",140,195,187,163,189,207,218,232,14,0.06422018349,-8,-0.04102564103,-24,-0.128342246,26,0.1595092025,18,0.09523809524,11,0.05314009662,"London","E12000007",212,"E09000032","Year 1",2932,2841,2921,2834,2728,2672,2613,-59,-0.0220808383233533,-91,-0.0310368349249659,80,0.0281590989088349,-87,-0.0297843204382061,-106,-0.0374029640084686,-56,-0.0205278592375367
"142","Warrington",141,98,130,117,93,121,141,142,1,0.007092198582,32,0.3265306122,-13,-0.1,-24,-0.2051282051,28,0.3010752688,20,0.1652892562,"North West","E12000002",877,"E06000007","Year 1",2616,2616,2599,2528,2424,2519,2423,-96,-0.0381103612544661,0,0,-17,-0.00649847094801223,-71,-0.0273181993074259,-104,-0.0411392405063291,95,0.0391914191419142
"143","Warwickshire",142,281,346,303,311,312,318,329,11,0.03459119497,65,0.231316726,-43,-0.1242774566,8,0.02640264026,1,0.003215434084,6,0.01923076923,"West Midlands","E12000005",937,"E10000031","Year 1",6241,6560,6469,6402,6348,6309,6328,19,0.00301157077191314,319,0.0511136035891684,-91,-0.0138719512195122,-67,-0.0103570876487865,-54,-0.0084348641049672,-39,-0.00614366729678639
"144","West Berkshire",143,83,71,83,61,73,72,98,26,0.3611111111,-12,-0.1445783133,12,0.1690140845,-22,-0.265060241,12,0.1967213115,-1,-0.01369863014,"South East","E12000008",869,"E06000037","Year 1",1966,2022,1941,1903,1843,1830,1865,35,0.0191256830601093,56,0.0284842319430315,-81,-0.0400593471810089,-38,-0.0195775373518805,-60,-0.0315291644771414,-13,-0.00705371676614216
"145","West Northamptonshire",144,NA,NA,NA,NA,NA,NA,252,NA,NA,NA,NA,NA,NA,NA,NA,NA,NA,NA,NA,"East Midlands","E12000004",941,"E06000062","Year 1",NA,NA,NA,NA,NA,NA,4859,NA,NA,NA,NA,NA,NA,NA,NA,NA,NA,NA,NA
"146","West Sussex",145,550,572,506,552,541,569,630,61,0.1072056239,22,0.04,-66,-0.1153846154,46,0.09090909091,-11,-0.01992753623,28,0.05175600739,"South East","E12000008",938,"E10000032","Year 1",9202,9473,9526,9226,8987,9069,9096,27,0.00297717499173007,271,0.0294501195392306,53,0.00559484851683733,-300,-0.0314927566659668,-239,-0.0259050509429872,82,0.0091242906420385
"147","Westminster",146,117,122,108,100,87,91,63,-28,-0.3076923077,5,0.04273504274,-14,-0.1147540984,-8,-0.07407407407,-13,-0.13,4,0.04597701149,"London","E12000007",213,"E09000033","Year 1",1477,1467,1340,1267,1124,1167,1154,-13,-0.0111396743787489,-10,-0.00677048070412999,-127,-0.0865712338104976,-73,-0.0544776119402985,-143,-0.112865035516969,43,0.0382562277580071
"148","Wigan",147,133,159,174,206,207,196,266,70,0.3571428571,26,0.1954887218,15,0.09433962264,32,0.183908046,1,0.004854368932,-11,-0.05314009662,"North West","E12000002",359,"E08000010","Year 1",3824,3908,3790,3718,3616,3635,3600,-35,-0.00962861072902338,84,0.0219665271966527,-118,-0.0301944728761515,-72,-0.0189973614775726,-102,-0.0274341043571813,19,0.00525442477876106
"149","Wiltshire",148,344,334,343,334,362,353,411,58,0.164305949,-10,-0.02906976744,9,0.02694610778,-9,-0.02623906706,28,0.08383233533,-9,-0.02486187845,"South West","E12000009",865,"E06000054","Year 1",5556,5750,5539,5420,5506,5306,5448,142,0.026762156049755,194,0.0349172066234701,-211,-0.036695652173913,-119,-0.0214840223867124,86,0.0158671586715867,-200,-0.0363240101707228
"150","Windsor and Maidenhead",149,70,79,95,91,87,70,94,24,0.3428571429,9,0.1285714286,16,0.2025316456,-4,-0.04210526316,-4,-0.04395604396,-17,-0.1954022989,"South East","E12000008",868,"E06000040","Year 1",1710,1670,1637,1627,1582,1587,1585,-2,-0.00126023944549464,-40,-0.0233918128654971,-33,-0.0197604790419162,-10,-0.00610873549175321,-45,-0.0276582667486171,5,0.00316055625790139
"151","Wirral",150,164,162,226,219,244,237,232,-5,-0.02109704641,-2,-0.01219512195,64,0.3950617284,-7,-0.03097345133,25,0.1141552511,-7,-0.02868852459,"North West","E12000002",344,"E08000015","Year 1",3664,3728,3794,3552,3575,3502,3516,14,0.00399771559109081,64,0.0174672489082969,66,0.0177038626609442,-242,-0.0637849235635213,23,0.00647522522522523,-73,-0.0204195804195804
"152","Wokingham",151,87,99,91,103,108,98,136,38,0.387755102,12,0.1379310345,-8,-0.08080808081,12,0.1318681319,5,0.04854368932,-10,-0.09259259259,"South East","E12000008",872,"E06000041","Year 1",2129,2120,2190,2168,2113,2072,2153,81,0.0390926640926641,-9,-0.00422733677782997,70,0.0330188679245283,-22,-0.0100456621004566,-55,-0.0253690036900369,-41,-0.0194036914339801
"153","Wolverhampton",152,102,121,133,142,151,188,246,58,0.3085106383,19,0.1862745098,12,0.09917355372,9,0.06766917293,9,0.06338028169,37,0.2450331126,"West Midlands","E12000005",336,"E08000031","Year 1",3287,3547,3457,3282,3415,3340,3375,35,0.0104790419161677,260,0.0790994828110739,-90,-0.0253735551170003,-175,-0.0506219265258895,133,0.0405240706886045,-75,-0.0219619326500732
"154","Worcestershire",153,473,514,563,615,622,671,724,53,0.07898658718,41,0.0866807611,49,0.0953307393,52,0.09236234458,7,0.01138211382,49,0.07877813505,"West Midlands","E12000005",885,"E10000034","Year 1",6280,6349,6486,6316,6105,6182,6190,8,0.00129407958589453,69,0.0109872611464968,137,0.021578201291542,-170,-0.0262102991057663,-211,-0.0334072197593414,77,0.0126126126126126
"155","York",154,65,61,90,70,62,90,74,-16,-0.1777777778,-4,-0.06153846154,29,0.4754098361,-20,-0.2222222222,-8,-0.1142857143,28,0.4516129032,"Yorkshire and The Humber","E12000003",816,"E06000014","Year 1",1997,2026,1985,1949,1934,1859,1815,-44,-0.0236686390532544,29,0.014521782674011,-41,-0.0202369200394867,-36,-0.0181360201511335,-15,-0.00769625448948179,-75,-0.0387797311271975
