la_name,index,201516_language,201617_language,201718_language,201819_language,201920_language,202021_language,202122_language,YOY21to22_language,YOYperc21to22_language,YOY16to17_language,YOYperc16to17_language,YOY17to18_language,YOYperc17to18_language,YOY18to19_language,YOYperc18to19_language,YOY19to20_language,YOYperc19to20_language,YOY20to21_language,YOYperc20to21_language,region_name,region_code,old_la_code,new_la_code,ncyear,201516_pupils,201617_pupils,201718_pupils,201819_pupils,201920_pupils,202021_pupils,202122_pupils,YOY21to22_pupils,YOYperc21to22_pupils,YOY16to17_pupils,YOYperc16to17_pupils,YOY17to18_pupils,YOYperc17to18_pupils,YOY18to19_pupils,YOYperc18to19_pupils,YOY19to20_pupils,YOYperc19to20_pupils,YOY20to21_pupils,YOYperc20to21_pupils,201516_senperc,201617_senperc,201718_senperc,201819_senperc,201920_senperc,202021_senperc,202122_senperc,Up since 2021,Change since 2021,Change since 2017
ZZ_TOTAL,,33761,35356,36292,37576,37959,38856,42186,3783,,,,,,,,,,,,,,,,,641929,653279,652288,636379,624315,619194,615185,4883,,,,,,,,,,,,5%,5%,6%,6%,6%,6%,7%,TRUE,9%,23%
York,154,65,61,90,70,62,90,74,-16,-0.177777778,-4,-0.061538462,29,0.475409836,-20,-0.222222222,-8,-0.114285714,28,0.451612903,Yorkshire and The Humber,E12000003,816,E06000014,Year 1,1997,2026,1985,1949,1934,1859,1815,-44,-0.023668639,29,0.014521783,-41,-0.02023692,-36,-0.01813602,-15,-0.007696254,-75,-0.038779731,3%,3%,5%,4%,3%,5%,4%,FALSE,-16%,22%
Worcestershire,153,473,514,563,615,622,671,724,53,0.078986587,41,0.086680761,49,0.095330739,52,0.092362345,7,0.011382114,49,0.078778135,West Midlands,E12000005,885,E10000034,Year 1,6280,6349,6486,6316,6105,6182,6190,8,0.00129408,69,0.010987261,137,0.021578201,-170,-0.026210299,-211,-0.03340722,77,0.012612613,8%,8%,9%,10%,10%,11%,12%,TRUE,8%,33%
Wolverhampton,152,102,121,133,142,151,188,246,58,0.308510638,19,0.18627451,12,0.099173554,9,0.067669173,9,0.063380282,37,0.245033113,West Midlands,E12000005,336,E08000031,Year 1,3287,3547,3457,3282,3415,3340,3375,35,0.010479042,260,0.079099483,-90,-0.025373555,-175,-0.050621927,133,0.040524071,-75,-0.021961933,3%,3%,4%,4%,4%,6%,7%,TRUE,29%,69%
Wokingham,151,87,99,91,103,108,98,136,38,0.387755102,12,0.137931035,-8,-0.080808081,12,0.131868132,5,0.048543689,-10,-0.092592593,South East,E12000008,872,E06000041,Year 1,2129,2120,2190,2168,2113,2072,2153,81,0.039092664,-9,-0.004227337,70,0.033018868,-22,-0.010045662,-55,-0.025369004,-41,-0.019403691,4%,5%,4%,5%,5%,5%,6%,TRUE,34%,35%
Wirral,150,164,162,226,219,244,237,232,-5,-0.021097046,-2,-0.012195122,64,0.395061728,-7,-0.030973451,25,0.114155251,-7,-0.028688525,North West,E12000002,344,E08000015,Year 1,3664,3728,3794,3552,3575,3502,3516,14,0.003997716,64,0.017467249,66,0.017703863,-242,-0.063784924,23,0.006475225,-73,-0.02041958,4%,4%,6%,6%,7%,7%,7%,FALSE,-2%,33%
Windsor and Maidenhead,149,70,79,95,91,87,70,94,24,0.342857143,9,0.128571429,16,0.202531646,-4,-0.042105263,-4,-0.043956044,-17,-0.195402299,South East,E12000008,868,E06000040,Year 1,1710,1670,1637,1627,1582,1587,1585,-2,-0.001260239,-40,-0.023391813,-33,-0.019760479,-10,-0.006108735,-45,-0.027658267,5,0.003160556,4%,5%,6%,6%,5%,4%,6%,TRUE,34%,27%
Wiltshire,148,344,334,343,334,362,353,411,58,0.164305949,-10,-0.029069767,9,0.026946108,-9,-0.026239067,28,0.083832335,-9,-0.024861878,South West,E12000009,865,E06000054,Year 1,5556,5750,5539,5420,5506,5306,5448,142,0.026762156,194,0.034917207,-211,-0.036695652,-119,-0.021484022,86,0.015867159,-200,-0.03632401,6%,6%,6%,6%,7%,7%,8%,TRUE,13%,26%
Wigan,147,133,159,174,206,207,196,266,70,0.357142857,26,0.195488722,15,0.094339623,32,0.183908046,1,0.004854369,-11,-0.053140097,North West,E12000002,359,E08000010,Year 1,3824,3908,3790,3718,3616,3635,3600,-35,-0.009628611,84,0.021966527,-118,-0.030194473,-72,-0.018997361,-102,-0.027434104,19,0.005254425,3%,4%,5%,6%,6%,5%,7%,TRUE,37%,62%
Westminster,146,117,122,108,100,87,91,63,-28,-0.307692308,5,0.042735043,-14,-0.114754098,-8,-0.074074074,-13,-0.13,4,0.045977011,London,E12000007,213,E09000033,Year 1,1477,1467,1340,1267,1124,1167,1154,-13,-0.011139674,-10,-0.006770481,-127,-0.086571234,-73,-0.054477612,-143,-0.112865036,43,0.038256228,8%,8%,8%,8%,8%,8%,5%,FALSE,-30%,-37%
West Sussex,145,550,572,506,552,541,569,630,61,0.107205624,22,0.04,-66,-0.115384615,46,0.090909091,-11,-0.019927536,28,0.051756007,South East,E12000008,938,E10000032,Year 1,9202,9473,9526,9226,8987,9069,9096,27,0.002977175,271,0.02945012,53,0.005594849,-300,-0.031492757,-239,-0.025905051,82,0.009124291,6%,6%,5%,6%,6%,6%,7%,TRUE,10%,14%
West Berkshire,143,83,71,83,61,73,72,98,26,0.361111111,-12,-0.144578313,12,0.169014085,-22,-0.265060241,12,0.196721312,-1,-0.01369863,South East,E12000008,869,E06000037,Year 1,1966,2022,1941,1903,1843,1830,1865,35,0.019125683,56,0.028484232,-81,-0.040059347,-38,-0.019577537,-60,-0.031529164,-13,-0.007053717,4%,4%,4%,3%,4%,4%,5%,TRUE,34%,44%
Warwickshire,142,281,346,303,311,312,318,329,11,0.034591195,65,0.231316726,-43,-0.124277457,8,0.02640264,1,0.003215434,6,0.019230769,West Midlands,E12000005,937,E10000031,Year 1,6241,6560,6469,6402,6348,6309,6328,19,0.003011571,319,0.051113604,-91,-0.013871951,-67,-0.010357088,-54,-0.008434864,-39,-0.006143667,5%,5%,5%,5%,5%,5%,5%,TRUE,3%,-1%
Warrington,141,98,130,117,93,121,141,142,1,0.007092199,32,0.326530612,-13,-0.1,-24,-0.205128205,28,0.301075269,20,0.165289256,North West,E12000002,877,E06000007,Year 1,2616,2616,2599,2528,2424,2519,2423,-96,-0.038110361,0,0,-17,-0.006498471,-71,-0.027318199,-104,-0.041139241,95,0.039191419,4%,5%,5%,4%,5%,6%,6%,TRUE,5%,16%
Wandsworth,140,195,187,163,189,207,218,232,14,0.064220183,-8,-0.041025641,-24,-0.128342246,26,0.159509203,18,0.095238095,11,0.053140097,London,E12000007,212,E09000032,Year 1,2932,2841,2921,2834,2728,2672,2613,-59,-0.022080838,-91,-0.031036835,80,0.028159099,-87,-0.02978432,-106,-0.037402964,-56,-0.020527859,7%,7%,6%,7%,8%,8%,9%,TRUE,9%,28%
Waltham Forest,139,275,264,301,275,274,250,254,4,0.016,-11,-0.04,37,0.140151515,-26,-0.086378738,-1,-0.003636364,-24,-0.087591241,London,E12000007,320,E09000031,Year 1,3507,3549,3586,3426,3271,3365,3345,-20,-0.005943536,42,0.011976048,37,0.010425472,-160,-0.044617959,-155,-0.045242265,94,0.028737389,8%,7%,8%,8%,8%,7%,8%,TRUE,2%,2%
Walsall,138,143,174,226,237,266,247,275,28,0.113360324,31,0.216783217,52,0.298850575,11,0.048672566,29,0.122362869,-19,-0.071428571,West Midlands,E12000005,335,E08000030,Year 1,3629,3755,3712,3758,3782,3736,3714,-22,-0.005888651,126,0.034720309,-43,-0.011451398,46,0.012392241,24,0.006386376,-46,-0.012162877,4%,5%,6%,6%,7%,7%,7%,TRUE,12%,42%
Wakefield,137,169,169,206,228,232,246,321,75,0.304878049,0,0,37,0.218934911,22,0.106796117,4,0.01754386,14,0.060344828,Yorkshire and The Humber,E12000003,384,E08000036,Year 1,4150,4194,4188,4188,4108,4027,4167,140,0.034765334,44,0.01060241,-6,-0.001430615,0,0,-80,-0.019102197,-81,-0.019717624,4%,4%,5%,5%,6%,6%,8%,TRUE,26%,60%
Trafford,136,124,123,145,116,143,140,143,3,0.021428571,-1,-0.008064516,22,0.178861789,-29,-0.2,27,0.232758621,-3,-0.020979021,North West,E12000002,358,E08000009,Year 1,2963,3088,3103,2937,2927,2900,2977,77,0.026551724,125,0.042186973,15,0.004857513,-166,-0.053496616,-10,-0.003404835,-27,-0.009224462,4%,4%,5%,4%,5%,5%,5%,FALSE,0%,17%
Tower Hamlets,135,306,301,341,329,302,328,356,28,0.085365854,-5,-0.016339869,40,0.132890365,-12,-0.035190616,-27,-0.082066869,26,0.086092715,London,E12000007,211,E09000030,Year 1,3391,3380,3470,3289,3282,3170,3371,201,0.06340694,-11,-0.003243881,90,0.026627219,-181,-0.052161383,-7,-0.002128306,-112,-0.034125533,9%,9%,10%,10%,9%,10%,11%,TRUE,2%,16%
Torbay,134,100,87,78,111,92,98,116,18,0.183673469,-13,-0.13,-9,-0.103448276,33,0.423076923,-19,-0.171171171,6,0.065217391,South West,E12000009,880,E06000027,Year 1,1389,1431,1452,1414,1449,1342,1335,-7,-0.005216095,42,0.030237581,21,0.014675052,-38,-0.026170799,35,0.024752475,-107,-0.07384403,7%,6%,5%,8%,6%,7%,9%,TRUE,19%,36%
Thurrock,133,116,89,104,142,127,113,162,49,0.433628319,-27,-0.232758621,15,0.168539326,38,0.365384615,-15,-0.105633803,-14,-0.110236221,East of England,E12000006,883,E06000034,Year 1,2365,2486,2545,2429,2446,2497,2559,62,0.024829796,121,0.051162791,59,0.023732904,-116,-0.045579568,17,0.006998765,51,0.020850368,5%,4%,4%,6%,5%,5%,6%,TRUE,40%,61%
Telford and Wrekin,132,139,132,141,153,139,131,192,61,0.465648855,-7,-0.050359712,9,0.068181818,12,0.085106383,-14,-0.091503268,-8,-0.057553957,West Midlands,E12000005,894,E06000020,Year 1,2221,2335,2279,2323,2267,2134,2209,75,0.035145267,114,0.051328231,-56,-0.023982869,44,0.019306713,-56,-0.024106759,-133,-0.058667843,6%,6%,6%,7%,6%,6%,9%,TRUE,42%,49%
Tameside,131,148,127,127,168,151,171,217,46,0.269005848,-21,-0.141891892,0,0,41,0.322834646,-17,-0.101190476,20,0.132450331,North West,E12000002,357,E08000008,Year 1,3128,3029,3088,3012,2894,2874,2804,-70,-0.024356298,-99,-0.031649616,59,0.019478376,-76,-0.024611399,-118,-0.039176627,-20,-0.00691085,5%,4%,4%,6%,5%,6%,8%,TRUE,30%,60%
Swindon,130,99,149,155,139,138,168,150,-18,-0.107142857,50,0.505050505,6,0.040268456,-16,-0.103225807,-1,-0.007194245,30,0.217391304,South West,E12000009,866,E06000030,Year 1,2791,2901,2985,2826,2849,2762,2729,-33,-0.011947864,110,0.039412397,84,0.028955533,-159,-0.053266332,23,0.008138712,-87,-0.030537031,4%,5%,5%,5%,5%,6%,5%,FALSE,-10%,6%
Sutton,129,126,145,111,129,125,130,174,44,0.338461539,19,0.150793651,-34,-0.234482759,18,0.162162162,-4,-0.031007752,5,0.04,London,E12000007,319,E09000029,Year 1,2532,2543,2616,2497,2451,2529,2529,0,0,11,0.004344392,73,0.028706252,-119,-0.045489297,-46,-0.018422107,78,0.031823745,5%,6%,4%,5%,5%,5%,7%,TRUE,34%,23%
Surrey,128,583,529,591,606,735,746,783,37,0.049597855,-54,-0.092624357,62,0.117202268,15,0.025380711,129,0.212871287,11,0.014965986,South East,E12000008,936,E10000030,Year 1,13128,13453,13400,12781,12891,12709,12880,171,0.013455032,325,0.024756246,-53,-0.003939642,-619,-0.04619403,110,0.008606525,-182,-0.014118377,4%,4%,4%,5%,6%,6%,6%,TRUE,4%,37%
Sunderland,127,179,185,189,168,182,171,214,43,0.251461988,6,0.033519553,4,0.021621622,-21,-0.111111111,14,0.083333333,-11,-0.06043956,North East,E12000001,394,E08000024,Year 1,2996,3104,3118,2869,2822,2833,2889,56,0.019767031,108,0.036048064,14,0.004510309,-249,-0.079858884,-47,-0.016382015,11,0.003897945,6%,6%,6%,6%,6%,6%,7%,TRUE,23%,24%
Suffolk,126,323,349,377,361,413,419,457,38,0.090692124,26,0.080495356,28,0.080229226,-16,-0.042440318,52,0.144044321,6,0.014527845,East of England,E12000006,935,E10000029,Year 1,7938,8216,8223,7935,7773,7712,7757,45,0.005835062,278,0.035021416,7,0.000851996,-288,-0.035023714,-162,-0.020415879,-61,-0.007847678,4%,4%,5%,5%,5%,5%,6%,TRUE,8%,30%
Stoke-on-Trent,125,217,246,270,273,277,248,260,12,0.048387097,29,0.133640553,24,0.097560976,3,0.011111111,4,0.014652015,-29,-0.104693141,West Midlands,E12000005,861,E06000021,Year 1,3216,3406,3337,3286,3334,3098,3129,31,0.010006456,190,0.059079602,-69,-0.020258368,-51,-0.015283188,48,0.014607425,-236,-0.070785843,7%,7%,8%,8%,8%,8%,8%,TRUE,4%,14%
Stockton-on-Tees,124,153,161,169,159,132,148,151,3,0.02027027,8,0.052287582,8,0.049689441,-10,-0.059171598,-27,-0.169811321,16,0.121212121,North East,E12000001,808,E06000004,Year 1,2512,2537,2519,2409,2422,2345,2354,9,0.003837953,25,0.009952229,-18,-0.007094994,-110,-0.043668122,13,0.00539643,-77,-0.031791908,6%,6%,7%,7%,5%,6%,6%,TRUE,2%,1%
Stockport,123,153,131,156,199,207,168,186,18,0.107142857,-22,-0.14379085,25,0.190839695,43,0.275641026,8,0.040201005,-39,-0.188405797,North West,E12000002,356,E08000007,Year 1,3465,3522,3594,3548,3507,3497,3495,-2,-0.000571919,57,0.016450216,72,0.02044293,-46,-0.01279911,-41,-0.011555806,-10,-0.00285144,4%,4%,4%,6%,6%,5%,5%,TRUE,11%,33%
Staffordshire,122,321,326,325,386,342,341,438,97,0.284457478,5,0.015576324,-1,-0.003067485,61,0.187692308,-44,-0.113989637,-1,-0.002923977,West Midlands,E12000005,860,E10000028,Year 1,9393,9608,9499,9518,9357,9136,9365,229,0.025065674,215,0.022889386,-109,-0.011344713,19,0.002000211,-161,-0.016915318,-221,-0.023618681,3%,3%,3%,4%,4%,4%,5%,TRUE,25%,34%
St. Helens,121,134,102,128,108,110,115,134,19,0.165217391,-32,-0.23880597,26,0.254901961,-20,-0.15625,2,0.018518519,5,0.045454545,North West,E12000002,342,E08000013,Year 1,2078,2106,2174,2100,2041,2011,2015,4,0.00198906,28,0.013474495,68,0.032288699,-74,-0.034038638,-59,-0.028095238,-30,-0.014698677,6%,5%,6%,5%,5%,6%,7%,TRUE,16%,32%
Southwark,120,221,225,269,237,264,259,244,-15,-0.057915058,4,0.018099548,44,0.195555556,-32,-0.118959108,27,0.113924051,-5,-0.018939394,London,E12000007,210,E09000028,Year 1,3407,3476,3435,3260,3163,3071,2900,-171,-0.055682188,69,0.020252421,-41,-0.011795167,-175,-0.050946143,-97,-0.029754601,-92,-0.02908631,6%,6%,8%,7%,8%,8%,8%,FALSE,0%,23%
Southend-on-Sea,119,51,80,94,97,93,101,120,19,0.188118812,29,0.568627451,14,0.175,3,0.031914894,-4,-0.041237113,8,0.086021505,East of England,E12000006,882,E06000033,Year 1,2190,2177,2154,2106,2122,2087,2140,53,0.025395304,-13,-0.005936073,-23,-0.010564998,-48,-0.022284123,16,0.007597341,-35,-0.016493874,2%,4%,4%,5%,4%,5%,6%,TRUE,16%,40%
Southampton,118,176,240,201,222,198,249,186,-63,-0.253012048,64,0.363636364,-39,-0.1625,21,0.104477612,-24,-0.108108108,51,0.257575758,South East,E12000008,852,E06000045,Year 1,2959,3140,2992,2869,2863,2866,2699,-167,-0.058269365,181,0.061169314,-148,-0.047133758,-123,-0.041109626,-6,-0.002091321,3,0.001047852,6%,8%,7%,8%,7%,9%,7%,FALSE,-21%,-9%
South Tyneside,117,140,148,140,143,147,154,159,5,0.032467532,8,0.057142857,-8,-0.054054054,3,0.021428571,4,0.027972028,7,0.047619048,North East,E12000001,393,E08000023,Year 1,1653,1652,1718,1676,1637,1629,1789,160,0.098219767,-1,-0.000604961,66,0.039951574,-42,-0.024447031,-39,-0.02326969,-8,-0.004886988,8%,9%,8%,9%,9%,9%,9%,FALSE,-6%,-1%
South Gloucestershire,116,161,146,119,135,163,170,202,32,0.188235294,-15,-0.093167702,-27,-0.184931507,16,0.134453782,28,0.207407407,7,0.042944785,South West,E12000009,803,E06000025,Year 1,3357,3287,3346,3257,3280,3306,3253,-53,-0.016031458,-70,-0.020851951,59,0.017949498,-89,-0.026598924,23,0.007061713,26,0.007926829,5%,4%,4%,4%,5%,5%,6%,TRUE,21%,34%
Somerset,115,300,329,313,305,356,389,415,26,0.066838046,29,0.096666667,-16,-0.048632219,-8,-0.025559105,51,0.167213115,33,0.092696629,South West,E12000009,933,E10000027,Year 1,5841,5895,5897,5642,5677,5609,5654,45,0.00802282,54,0.009244992,2,0.000339271,-255,-0.043242327,35,0.006203474,-68,-0.011978157,5%,6%,5%,5%,6%,7%,7%,TRUE,6%,25%
Solihull,114,131,142,144,130,126,132,145,13,0.098484848,11,0.083969466,2,0.014084507,-14,-0.097222222,-4,-0.030769231,6,0.047619048,West Midlands,E12000005,334,E08000029,Year 1,2668,2861,2861,2755,2732,2720,2779,59,0.021691176,193,0.072338831,0,0,-106,-0.037049983,-23,-0.008348457,-12,-0.004392387,5%,5%,5%,5%,5%,5%,5%,TRUE,8%,5%
Slough,113,199,193,192,202,189,165,175,10,0.060606061,-6,-0.030150754,-1,-0.005181347,10,0.052083333,-13,-0.064356436,-24,-0.126984127,South East,E12000008,871,E06000039,Year 1,2414,2476,2429,2335,2289,2257,2273,16,0.007089056,62,0.025683513,-47,-0.018982229,-94,-0.038699053,-46,-0.019700214,-32,-0.013979904,8%,8%,8%,9%,8%,7%,8%,TRUE,5%,-1%
Shropshire,112,140,112,160,154,132,153,191,38,0.248366013,-28,-0.2,48,0.428571429,-6,-0.0375,-22,-0.142857143,21,0.159090909,West Midlands,E12000005,893,E06000051,Year 1,2868,2888,2992,2933,2845,2903,3010,107,0.036858422,20,0.006973501,104,0.03601108,-59,-0.019719251,-88,-0.030003409,58,0.020386643,5%,4%,5%,5%,5%,5%,6%,TRUE,20%,47%
Sheffield,111,492,517,517,472,434,471,503,32,0.067940552,25,0.050813008,0,0,-45,-0.087040619,-38,-0.080508475,37,0.085253456,Yorkshire and The Humber,E12000003,373,E08000019,Year 1,6342,6317,6452,6221,6095,6134,6122,-12,-0.001956309,-25,-0.003941974,135,0.021370904,-231,-0.035802852,-126,-0.020253978,39,0.006398687,8%,8%,8%,8%,7%,8%,8%,TRUE,7%,0%
Sefton,110,97,118,120,148,155,172,166,-6,-0.034883721,21,0.216494845,2,0.016949153,28,0.233333333,7,0.047297297,17,0.109677419,North West,E12000002,343,E08000014,Year 1,2989,3074,2984,2985,3031,2897,2982,85,0.029340697,85,0.028437605,-90,-0.029277814,1,0.000335121,46,0.015410385,-134,-0.044209832,3%,4%,4%,5%,5%,6%,6%,FALSE,-6%,29%
Sandwell,109,276,341,358,381,341,336,361,25,0.074404762,65,0.235507246,17,0.049853372,23,0.06424581,-40,-0.104986877,-5,-0.014662757,West Midlands,E12000005,333,E08000028,Year 1,4610,4898,4981,5004,4727,4729,4768,39,0.008246987,288,0.062472885,83,0.016945692,23,0.004617547,-277,-0.055355715,2,0.000423101,6%,7%,7%,8%,7%,7%,8%,TRUE,7%,9%
Salford,108,240,295,298,276,276,290,322,32,0.110344828,55,0.229166667,3,0.010169492,-22,-0.073825503,0,0,14,0.050724638,North West,E12000002,355,E08000006,Year 1,3149,3240,3180,3177,3027,3005,3166,161,0.053577371,91,0.028898063,-60,-0.018518519,-3,-0.000943396,-150,-0.047214353,-22,-0.007267922,8%,9%,9%,9%,9%,10%,10%,TRUE,5%,11%
Rutland,107,12,14,24,14,9,15,9,-6,-0.4,2,0.166666667,10,0.714285714,-10,-0.416666667,-5,-0.357142857,6,0.666666667,East Midlands,E12000004,857,E06000017,Year 1,419,403,406,401,396,398,382,-16,-0.040201005,-16,-0.038186158,3,0.007444169,-5,-0.012315271,-5,-0.012468828,2,0.005050505,3%,3%,6%,3%,2%,4%,2%,FALSE,-37%,-30%
Rotherham,106,132,170,215,211,210,234,255,21,0.08974359,38,0.287878788,45,0.264705882,-4,-0.018604651,-1,-0.004739336,24,0.114285714,Yorkshire and The Humber,E12000003,372,E08000018,Year 1,3379,3283,3355,3280,3173,3030,3237,207,0.068316832,-96,-0.028410772,72,0.021931161,-75,-0.022354694,-107,-0.032621951,-143,-0.045067759,4%,5%,6%,6%,7%,8%,8%,TRUE,2%,35%
Rochdale,105,115,115,123,123,177,170,198,28,0.164705882,0,0,8,0.069565217,0,0,54,0.43902439,-7,-0.039548023,North West,E12000002,354,E08000005,Year 1,2923,2994,3080,3057,2991,2956,3051,95,0.032138024,71,0.024290113,86,0.028724115,-23,-0.007467532,-66,-0.021589794,-35,-0.011701772,4%,4%,4%,4%,6%,6%,6%,TRUE,13%,46%
Richmond upon Thames,104,68,79,79,73,67,72,97,25,0.347222222,11,0.161764706,0,0,-6,-0.075949367,-6,-0.082191781,5,0.074626866,London,E12000007,318,E09000027,Year 1,2584,2545,2502,2446,2362,2375,2361,-14,-0.005894737,-39,-0.015092879,-43,-0.016895874,-56,-0.022382094,-84,-0.034341783,13,0.00550381,3%,3%,3%,3%,3%,3%,4%,TRUE,36%,33%
Redcar and Cleveland,103,122,115,148,106,95,109,80,-29,-0.266055046,-7,-0.057377049,33,0.286956522,-42,-0.283783784,-11,-0.103773585,14,0.147368421,North East,E12000001,807,E06000003,Year 1,1610,1667,1712,1603,1576,1484,1440,-44,-0.029649596,57,0.035403727,45,0.026994601,-109,-0.063668224,-27,-0.016843419,-92,-0.058375635,8%,7%,9%,7%,6%,7%,6%,FALSE,-24%,-18%
Redbridge,102,159,164,204,221,241,255,272,17,0.066666667,5,0.031446541,40,0.243902439,17,0.083333333,20,0.090497738,14,0.058091286,London,E12000007,317,E09000026,Year 1,4032,3911,4050,3975,3821,3898,3829,-69,-0.017701385,-121,-0.030009921,139,0.035540782,-75,-0.018518519,-154,-0.038742138,77,0.020151793,4%,4%,5%,6%,6%,7%,7%,TRUE,9%,44%
Reading,101,123,115,145,136,140,148,159,11,0.074324324,-8,-0.06504065,30,0.260869565,-9,-0.062068966,4,0.029411765,8,0.057142857,South East,E12000008,870,E06000038,Year 1,1982,1987,2001,2009,1879,1774,1988,214,0.120631342,5,0.002522704,14,0.007045798,8,0.003998001,-130,-0.06470881,-105,-0.055880788,6%,6%,7%,7%,7%,8%,8%,FALSE,-4%,26%
Portsmouth,100,138,151,129,142,158,147,164,17,0.115646259,13,0.094202899,-22,-0.145695364,13,0.100775194,16,0.112676056,-11,-0.069620253,South East,E12000008,851,E06000044,Year 1,2322,2304,2359,2379,2266,2270,2256,-14,-0.006167401,-18,-0.007751938,55,0.023871528,20,0.008478169,-113,-0.047498949,4,0.001765225,6%,7%,5%,6%,7%,6%,7%,TRUE,12%,11%
Poole,99,125,133,132,128,NA,NA,NA,NA,NA,8,0.064,-1,-0.007518797,-4,-0.03030303,NA,NA,NA,NA,South West,E12000009,836,E06000029,Year 1,1719,1651,1661,1486,NA,NA,NA,NA,NA,-68,-0.039557882,10,0.006056935,-175,-0.105358218,NA,NA,NA,NA,7%,8%,8%,9%,NA,NA,NA,,,#VALUE!
Plymouth,98,215,232,216,204,211,222,257,35,0.157657658,17,0.079069767,-16,-0.068965517,-12,-0.055555556,7,0.034313725,11,0.052132701,South West,E12000009,879,E06000026,Year 1,2929,3024,3035,2925,2827,2807,2771,-36,-0.01282508,95,0.032434278,11,0.003637566,-110,-0.036243822,-98,-0.033504274,-20,-0.007074637,7%,8%,7%,7%,7%,8%,9%,TRUE,17%,20%
Peterborough,97,102,108,150,157,174,152,200,48,0.315789474,6,0.058823529,42,0.388888889,7,0.046666667,17,0.108280255,-22,-0.126436782,East of England,E12000006,874,E06000031,Year 1,3060,3035,3139,3102,3015,2948,2949,1,0.000339213,-25,-0.008169935,104,0.034266886,-37,-0.011787193,-87,-0.028046422,-67,-0.022222222,3%,4%,5%,5%,6%,5%,7%,TRUE,32%,63%
Oxfordshire,96,271,303,312,364,330,404,490,86,0.212871287,32,0.118081181,9,0.02970297,52,0.166666667,-34,-0.093406593,74,0.224242424,South East,E12000008,931,E10000025,Year 1,7424,7860,7599,7322,7262,7310,7410,100,0.013679891,436,0.058728448,-261,-0.033206107,-277,-0.036452165,-60,-0.008194482,48,0.006609749,4%,4%,4%,5%,5%,6%,7%,TRUE,20%,50%
Oldham,95,201,198,178,255,215,227,286,59,0.259911894,-3,-0.014925373,-20,-0.101010101,77,0.43258427,-40,-0.156862745,12,0.055813953,North West,E12000002,353,E08000004,Year 1,3476,3503,3379,3492,3381,3369,3424,55,0.016325319,27,0.007767549,-124,-0.03539823,113,0.033441847,-111,-0.031786942,-12,-0.003549246,6%,6%,5%,7%,6%,7%,8%,TRUE,24%,40%
Nottinghamshire,94,207,222,234,248,294,316,334,18,0.056962025,15,0.072463768,12,0.054054054,14,0.05982906,46,0.185483871,22,0.074829932,East Midlands,E12000004,891,E10000024,Year 1,9445,9662,9770,9432,9284,9177,9348,171,0.01863354,217,0.022975119,108,0.01117781,-338,-0.034595701,-148,-0.015691264,-107,-0.011525205,2%,2%,2%,3%,3%,3%,4%,TRUE,4%,37%
Nottingham,93,158,171,159,163,183,188,163,-25,-0.132978723,13,0.082278481,-12,-0.070175439,4,0.025157233,20,0.122699387,5,0.027322404,East Midlands,E12000004,892,E06000018,Year 1,3630,3755,3771,3761,3618,3628,3729,101,0.02783903,125,0.034435262,16,0.004260985,-10,-0.002651816,-143,-0.038021803,10,0.002763958,4%,5%,4%,4%,5%,5%,4%,FALSE,-16%,-4%
Northumberland,92,227,222,234,240,234,265,289,24,0.090566038,-5,-0.022026432,12,0.054054054,6,0.025641026,-6,-0.025,31,0.132478633,North East,E12000001,929,E06000048,Year 1,3003,3052,3207,3221,3060,3005,3150,145,0.048252912,49,0.016317016,155,0.05078637,14,0.004365451,-161,-0.049984477,-55,-0.017973856,8%,7%,7%,7%,8%,9%,9%,TRUE,4%,22%
Northamptonshire,91,320,394,439,433,416,453,NA,NA,NA,74,0.23125,45,0.114213198,-6,-0.013667426,-17,-0.03926097,37,0.088942308,East Midlands,E12000004,928,E10000021,Year 1,9226,9389,9294,9130,8877,8892,NA,NA,NA,163,0.017667462,-95,-0.010118223,-164,-0.017645793,-253,-0.027710843,15,0.00168976,3%,4%,5%,5%,5%,5%,NA,,,#VALUE!
North Yorkshire,90,231,250,296,306,294,282,352,70,0.24822695,19,0.082251082,46,0.184,10,0.033783784,-12,-0.039215686,-12,-0.040816327,Yorkshire and The Humber,E12000003,815,E10000023,Year 1,6197,6192,6163,6007,5967,5865,6000,135,0.023017903,-5,-0.000806842,-29,-0.004683463,-156,-0.025312348,-40,-0.006658898,-102,-0.017094017,4%,4%,5%,5%,5%,5%,6%,TRUE,22%,38%
North Tyneside,89,181,200,191,191,202,194,230,36,0.18556701,19,0.104972376,-9,-0.045,0,0,11,0.057591623,-8,-0.03960396,North East,E12000001,392,E08000022,Year 1,2256,2279,2231,2225,2273,2181,2228,47,0.021549748,23,0.010195035,-48,-0.021061869,-6,-0.002689377,48,0.021573034,-92,-0.040475143,8%,9%,9%,9%,9%,9%,10%,TRUE,16%,17%
North Somerset,88,87,90,80,85,79,88,110,22,0.25,3,0.034482759,-10,-0.111111111,5,0.0625,-6,-0.070588235,9,0.113924051,South West,E12000009,802,E06000024,Year 1,2442,2523,2437,2424,2283,2336,2337,1,0.000428082,81,0.033169533,-86,-0.034086405,-13,-0.005334428,-141,-0.058168317,53,0.023215068,4%,4%,3%,4%,3%,4%,5%,TRUE,25%,30%
North Lincolnshire,86,83,100,101,107,135,118,143,25,0.211864407,17,0.204819277,1,0.01,6,0.059405941,28,0.261682243,-17,-0.125925926,Yorkshire and The Humber,E12000003,813,E06000013,Year 1,1935,1992,2011,1966,1855,1851,1860,9,0.004862237,57,0.029457364,19,0.009538153,-45,-0.022376927,-111,-0.056459817,-4,-0.002156334,4%,5%,5%,5%,7%,6%,8%,TRUE,21%,42%
North East Lincolnshire,85,47,79,70,75,79,99,109,10,0.101010101,32,0.680851064,-9,-0.113924051,5,0.071428571,4,0.053333333,20,0.253164557,Yorkshire and The Humber,E12000003,812,E06000012,Year 1,1972,1981,1986,1965,1860,1985,1810,-175,-0.088161209,9,0.004563895,5,0.002523978,-21,-0.010574018,-105,-0.053435115,125,0.067204301,2%,4%,4%,4%,4%,5%,6%,TRUE,21%,41%
Norfolk,84,565,539,550,562,579,609,657,48,0.078817734,-26,-0.046017699,11,0.020408163,12,0.021818182,17,0.03024911,30,0.051813472,East of England,E12000006,926,E10000020,Year 1,9091,9392,9577,9296,8907,8981,8971,-10,-0.001113462,301,0.033109669,185,0.019697615,-281,-0.02934113,-389,-0.041845955,74,0.008308072,6%,6%,6%,6%,7%,7%,7%,TRUE,8%,23%
Newham,83,259,265,244,274,304,313,358,45,0.143769968,6,0.023166023,-21,-0.079245283,30,0.12295082,30,0.109489051,9,0.029605263,London,E12000007,316,E09000025,Year 1,4744,4832,4802,4725,4506,4433,4346,-87,-0.019625536,88,0.018549747,-30,-0.006208609,-77,-0.016034985,-219,-0.046349206,-73,-0.016200621,5%,5%,5%,6%,7%,7%,8%,TRUE,17%,39%
Newcastle upon Tyne,82,216,214,212,202,194,201,231,30,0.149253731,-2,-0.009259259,-2,-0.009345794,-10,-0.047169811,-8,-0.03960396,7,0.036082474,North East,E12000001,391,E08000021,Year 1,3149,3264,3165,3146,3133,3052,3129,77,0.025229358,115,0.03651953,-99,-0.030330882,-19,-0.00600316,-13,-0.004132231,-81,-0.025853814,7%,7%,7%,6%,6%,7%,7%,TRUE,12%,13%
Milton Keynes,81,206,234,193,201,204,210,237,27,0.128571429,28,0.13592233,-41,-0.175213675,8,0.041450777,3,0.014925373,6,0.029411765,South East,E12000008,826,E06000042,Year 1,3812,3956,3805,3786,3605,3628,3556,-72,-0.019845645,144,0.037775446,-151,-0.038169869,-19,-0.00499343,-181,-0.047807713,23,0.006380028,5%,6%,5%,5%,6%,6%,7%,TRUE,15%,13%
Middlesbrough,80,85,102,90,88,90,99,98,-1,-0.01010101,17,0.2,-12,-0.117647059,-2,-0.022222222,2,0.022727273,9,0.1,North East,E12000001,806,E06000002,Year 1,1905,2039,1938,2001,1945,1880,1899,19,0.010106383,134,0.070341207,-101,-0.049534085,63,0.03250774,-56,-0.027986007,-65,-0.033419023,4%,5%,5%,4%,5%,5%,5%,FALSE,-2%,3%
Merton,79,169,173,174,141,160,179,179,0,0,4,0.023668639,1,0.005780347,-33,-0.189655172,19,0.134751773,19,0.11875,London,E12000007,315,E09000024,Year 1,2591,2590,2465,2392,2250,2283,2200,-83,-0.036355672,-1,-0.000385951,-125,-0.048262548,-73,-0.029614604,-142,-0.059364548,33,0.014666667,7%,7%,7%,6%,7%,8%,8%,TRUE,4%,19%
Medway,78,241,245,249,270,263,264,285,21,0.079545455,4,0.01659751,4,0.016326531,21,0.084337349,-7,-0.025925926,1,0.003802281,South East,E12000008,887,E06000035,Year 1,3474,3587,3596,3478,3442,3459,3611,152,0.043943336,113,0.032527346,9,0.00250906,-118,-0.032814238,-36,-0.010350776,17,0.004938989,7%,7%,7%,8%,8%,8%,8%,TRUE,3%,14%
Manchester,77,305,408,434,430,485,497,546,49,0.098591549,103,0.337704918,26,0.06372549,-4,-0.00921659,55,0.127906977,12,0.024742268,North West,E12000002,352,E08000003,Year 1,6940,7092,7043,7035,6890,6996,6918,-78,-0.011149228,152,0.021902017,-49,-0.006909193,-8,-0.00113588,-145,-0.02061123,106,0.015384615,4%,6%,6%,6%,7%,7%,8%,TRUE,11%,30%
Luton,76,134,186,190,162,187,197,249,52,0.263959391,52,0.388059702,4,0.021505376,-28,-0.147368421,25,0.154320988,10,0.053475936,East of England,E12000006,821,E06000032,Year 1,3245,3403,3293,3217,3209,3113,3219,106,0.034050755,158,0.048690293,-110,-0.03232442,-76,-0.023079259,-8,-0.002486789,-96,-0.029915862,4%,5%,6%,5%,6%,6%,8%,TRUE,22%,36%
Liverpool,75,322,381,407,467,446,490,559,69,0.140816327,59,0.183229814,26,0.06824147,60,0.147420147,-21,-0.04496788,44,0.098654709,North West,E12000002,341,E08000012,Year 1,5076,5341,5487,5318,5324,5542,5497,-45,-0.008119812,265,0.052206462,146,0.027335705,-169,-0.030800073,6,0.001128244,218,0.040946657,6%,7%,7%,9%,8%,9%,10%,TRUE,15%,34%
Lincolnshire,74,342,302,307,328,392,354,390,36,0.101694915,-40,-0.116959064,5,0.016556291,21,0.068403909,64,0.195121951,-38,-0.096938776,East Midlands,E12000004,925,E10000019,Year 1,7989,8124,8082,7736,7895,7731,7787,56,0.007243565,135,0.016898235,-42,-0.005169867,-346,-0.042811185,159,0.020553257,-164,-0.020772641,4%,4%,4%,4%,5%,5%,5%,TRUE,9%,28%
Lewisham,73,230,202,221,237,251,260,226,-34,-0.130769231,-28,-0.12173913,19,0.094059406,16,0.07239819,14,0.05907173,9,0.035856574,London,E12000007,209,E09000023,Year 1,3508,3549,3407,3385,3299,3148,3063,-85,-0.027001271,41,0.011687571,-142,-0.040011271,-22,-0.006457294,-86,-0.025406204,-151,-0.045771446,7%,6%,6%,7%,8%,8%,7%,FALSE,-11%,20%
Leicestershire,72,241,242,244,282,260,307,335,28,0.091205212,1,0.004149378,2,0.008264463,38,0.155737705,-22,-0.078014184,47,0.180769231,East Midlands,E12000004,855,E10000018,Year 1,7688,7961,7889,7750,7596,7822,7808,-14,-0.001789824,273,0.035509886,-72,-0.00904409,-139,-0.01761947,-154,-0.019870968,226,0.029752501,3%,3%,3%,4%,3%,4%,4%,TRUE,9%,32%
Leicester,71,295,301,268,299,263,322,316,-6,-0.01863354,6,0.020338983,-33,-0.109634552,31,0.115671642,-36,-0.120401338,59,0.224334601,East Midlands,E12000004,856,E06000016,Year 1,4574,4739,4755,4672,4613,4546,4541,-5,-0.001099868,165,0.036073459,16,0.00337624,-83,-0.01745531,-59,-0.012628425,-67,-0.014524171,6%,6%,6%,6%,6%,7%,7%,FALSE,-2%,9%
Leeds,70,736,721,813,842,860,823,862,39,0.047387606,-15,-0.020380435,92,0.127600555,29,0.035670357,18,0.021377672,-37,-0.043023256,Yorkshire and The Humber,E12000003,383,E08000035,Year 1,9982,9837,10096,9774,9661,9605,9661,56,0.005830297,-145,-0.014526147,259,0.026329165,-322,-0.031893819,-113,-0.011561285,-56,-0.005796501,7%,7%,8%,9%,9%,9%,9%,TRUE,4%,19%
Lancashire,69,446,507,521,588,628,576,622,46,0.079861111,61,0.1367713,14,0.027613412,67,0.128598848,40,0.068027211,-52,-0.082802548,North West,E12000002,888,E10000017,Year 1,13854,14197,14000,13924,13664,13684,13816,132,0.009646302,343,0.024758193,-197,-0.013876171,-76,-0.005428571,-260,-0.018672795,20,0.0014637,3%,4%,4%,4%,5%,4%,5%,TRUE,7%,22%
Lambeth,68,185,189,216,182,221,208,215,7,0.033653846,4,0.021621622,27,0.142857143,-34,-0.157407407,39,0.214285714,-13,-0.058823529,London,E12000007,208,E09000022,Year 1,3031,2884,2934,2959,2891,2795,2635,-160,-0.057245081,-147,-0.048498845,50,0.017337032,25,0.008520791,-68,-0.022980737,-96,-0.033206503,6%,7%,7%,6%,8%,7%,8%,TRUE,10%,22%
Knowsley,67,97,98,99,108,108,137,167,30,0.218978102,1,0.010309278,1,0.010204082,9,0.090909091,0,0,29,0.268518519,North West,E12000002,340,E08000011,Year 1,1811,1873,1935,1865,1809,1871,1885,14,0.00748263,62,0.034235229,62,0.033101975,-70,-0.036175711,-56,-0.03002681,62,0.034273079,5%,5%,5%,6%,6%,7%,9%,TRUE,21%,50%
Kirklees,66,215,243,212,239,226,266,320,54,0.203007519,28,0.130232558,-31,-0.127572017,27,0.127358491,-13,-0.054393305,40,0.17699115,Yorkshire and The Humber,E12000003,382,E08000034,Year 1,5356,5518,5356,5267,5120,5121,5120,-1,-0.000195274,162,0.030246453,-162,-0.029358463,-89,-0.016616878,-147,-0.027909626,1,0.000195313,4%,4%,4%,5%,4%,5%,6%,TRUE,20%,36%
Kingston upon Thames,65,117,123,106,107,106,124,108,-16,-0.129032258,6,0.051282051,-17,-0.138211382,1,0.009433962,-1,-0.009345794,18,0.169811321,London,E12000007,314,E09000021,Year 1,1970,2000,1984,1935,1919,1907,1868,-39,-0.02045097,30,0.015228426,-16,-0.008,-49,-0.024697581,-16,-0.008268734,-12,-0.006253257,6%,6%,5%,6%,6%,7%,6%,FALSE,-11%,-6%
"Kingston upon Hull, City of",64,265,265,268,255,294,367,386,19,0.051771117,0,0,3,0.011320755,-13,-0.048507463,39,0.152941177,73,0.24829932,Yorkshire and The Humber,E12000003,810,E06000010,Year 1,3353,3407,3568,3404,3277,3240,3295,55,0.016975309,54,0.016104981,161,0.04725565,-164,-0.045964126,-127,-0.037309048,-37,-0.011290815,8%,8%,8%,7%,9%,11%,12%,TRUE,3%,35%
Kent,63,863,846,887,940,912,963,1038,75,0.07788162,-17,-0.019698725,41,0.048463357,53,0.059751973,-28,-0.029787234,51,0.055921053,South East,E12000008,886,E10000016,Year 1,17629,17988,18377,17774,17555,17579,17904,325,0.018487969,359,0.020364173,389,0.021625528,-603,-0.032812755,-219,-0.012321368,24,0.001367132,5%,5%,5%,5%,5%,5%,6%,TRUE,6%,20%
Kensington and Chelsea,62,49,67,47,45,64,47,55,8,0.170212766,18,0.367346939,-20,-0.298507463,-2,-0.042553191,19,0.422222222,-17,-0.265625,London,E12000007,207,E09000020,Year 1,1013,970,982,966,944,906,968,62,0.068432671,-43,-0.042448174,12,0.012371134,-16,-0.016293279,-22,-0.022774327,-38,-0.040254237,5%,7%,5%,5%,7%,5%,6%,TRUE,10%,-24%
Islington,61,157,155,149,149,171,168,165,-3,-0.017857143,-2,-0.012738854,-6,-0.038709677,0,0,22,0.147651007,-3,-0.01754386,London,E12000007,206,E09000019,Year 1,2057,2067,1924,1894,1843,1832,1793,-39,-0.02128821,10,0.004861449,-143,-0.06918239,-30,-0.015592516,-51,-0.026927138,-11,-0.00596853,8%,7%,8%,8%,9%,9%,9%,TRUE,0%,19%
Isle of Wight,60,99,97,92,73,70,85,98,13,0.152941177,-2,-0.02020202,-5,-0.051546392,-19,-0.206521739,-3,-0.04109589,15,0.214285714,South East,E12000008,921,E06000046,Year 1,1348,1330,1348,1271,1264,1295,1128,-167,-0.128957529,-18,-0.013353116,18,0.013533835,-77,-0.057121662,-7,-0.005507474,31,0.024525316,7%,7%,7%,6%,6%,7%,9%,TRUE,32%,21%
Hounslow,59,236,195,246,260,270,278,289,11,0.039568345,-41,-0.173728814,51,0.261538462,14,0.056910569,10,0.038461538,8,0.02962963,London,E12000007,313,E09000018,Year 1,3302,3310,3470,3372,3137,3095,3097,2,0.000646204,8,0.002422774,160,0.048338369,-98,-0.028242075,-235,-0.069691578,-42,-0.013388588,7%,6%,7%,8%,9%,9%,9%,TRUE,4%,38%
Hillingdon,58,270,290,268,320,303,339,277,-62,-0.182890856,20,0.074074074,-22,-0.075862069,52,0.194029851,-17,-0.053125,36,0.118811881,London,E12000007,312,E09000017,Year 1,4012,4154,4053,3886,3928,3839,3815,-24,-0.006251628,142,0.035393819,-101,-0.024313914,-167,-0.041204046,42,0.010808029,-89,-0.022657841,7%,7%,7%,8%,8%,9%,7%,FALSE,-18%,3%
Hertfordshire,57,684,727,759,753,723,672,672,0,0,43,0.062865497,32,0.044016506,-6,-0.007905138,-30,-0.039840637,-51,-0.070539419,East of England,E12000006,919,E10000015,Year 1,14554,14768,14593,14133,13988,13927,13959,32,0.002297695,214,0.014703861,-175,-0.011849946,-460,-0.031521963,-145,-0.010259676,-61,-0.004360881,5%,5%,5%,5%,5%,5%,5%,FALSE,0%,-2%
"Herefordshire, County of",56,151,145,141,118,119,106,144,38,0.358490566,-6,-0.039735099,-4,-0.027586207,-23,-0.163120567,1,0.008474576,-13,-0.109243698,West Midlands,E12000005,884,E06000019,Year 1,1899,1963,1866,1943,1824,1766,1801,35,0.0198188,64,0.033701948,-97,-0.049414162,77,0.041264737,-119,-0.061245497,-58,-0.031798246,8%,7%,8%,6%,7%,6%,8%,TRUE,33%,10%
Havering,55,121,121,124,158,142,163,225,62,0.380368098,0,0,3,0.024793388,34,0.274193548,-16,-0.101265823,21,0.147887324,London,E12000007,311,E09000016,Year 1,3059,3200,3289,3306,3219,3295,3511,216,0.065553869,141,0.046093495,89,0.0278125,17,0.005168744,-87,-0.026315789,76,0.023609817,4%,4%,4%,5%,4%,5%,6%,TRUE,30%,53%
Hartlepool,54,82,75,78,69,85,87,71,-16,-0.183908046,-7,-0.085365854,3,0.04,-9,-0.115384615,16,0.231884058,2,0.023529412,North East,E12000001,805,E06000001,Year 1,1159,1199,1192,1077,1080,1058,1061,3,0.002835539,40,0.034512511,-7,-0.005838198,-115,-0.09647651,3,0.002785515,-22,-0.02037037,7%,6%,7%,6%,8%,8%,7%,FALSE,-19%,5%
Harrow,53,164,177,158,228,207,213,208,-5,-0.023474178,13,0.079268293,-19,-0.107344633,70,0.443037975,-21,-0.092105263,6,0.028985507,London,E12000007,310,E09000015,Year 1,3136,3026,3036,3114,2973,2934,2973,39,0.013292434,-110,-0.035076531,10,0.003304693,78,0.0256917,-141,-0.045279383,-39,-0.013118063,5%,6%,5%,7%,7%,7%,7%,FALSE,-4%,16%
Haringey,52,237,251,233,202,209,211,206,-5,-0.023696682,14,0.05907173,-18,-0.071713147,-31,-0.13304721,7,0.034653465,2,0.009569378,London,E12000007,309,E09000014,Year 1,3218,3148,3020,2918,2920,2818,2822,4,0.001419446,-70,-0.021752641,-128,-0.040660737,-102,-0.033774834,2,0.000685401,-102,-0.034931507,7%,8%,8%,7%,7%,7%,7%,FALSE,-3%,-9%
Hampshire,51,764,690,706,717,737,684,792,108,0.157894737,-74,-0.096858639,16,0.023188406,11,0.015580737,20,0.027894003,-53,-0.071913161,South East,E12000008,850,E10000014,Year 1,15141,15674,15602,15068,14929,14758,15057,299,0.020260198,533,0.03520243,-72,-0.004593594,-534,-0.034226381,-139,-0.009224847,-171,-0.011454217,5%,4%,5%,5%,5%,5%,5%,TRUE,13%,19%
Hammersmith and Fulham,50,112,129,112,107,105,113,110,-3,-0.026548673,17,0.151785714,-17,-0.131782946,-5,-0.044642857,-2,-0.018691589,8,0.076190476,London,E12000007,205,E09000013,Year 1,1475,1420,1402,1339,1312,1271,1280,9,0.007081039,-55,-0.037288136,-18,-0.012676056,-63,-0.044935806,-27,-0.020164302,-41,-0.03125,8%,9%,8%,8%,8%,9%,9%,FALSE,-3%,-6%
Halton,49,85,72,89,91,79,118,134,16,0.13559322,-13,-0.152941177,17,0.236111111,2,0.02247191,-12,-0.131868132,39,0.493670886,North West,E12000002,876,E06000006,Year 1,1512,1439,1495,1510,1395,1475,1415,-60,-0.040677966,-73,-0.048280423,56,0.038915914,15,0.010033445,-115,-0.07615894,80,0.05734767,6%,5%,6%,6%,6%,8%,9%,TRUE,18%,56%
Hackney,48,237,241,232,246,259,231,249,18,0.077922078,4,0.016877637,-9,-0.037344398,14,0.060344828,13,0.052845528,-28,-0.108108108,London,E12000007,204,E09000012,Year 1,2803,2778,2738,2612,2512,2539,2498,-41,-0.01614809,-25,-0.008919015,-40,-0.014398848,-126,-0.046018992,-100,-0.038284839,27,0.010748408,8%,9%,8%,9%,10%,9%,10%,TRUE,10%,14%
Greenwich,47,314,345,396,351,354,364,432,68,0.186813187,31,0.098726115,51,0.147826087,-45,-0.113636364,3,0.008547009,10,0.028248588,London,E12000007,203,E09000011,Year 1,3614,3586,3558,3609,3432,3469,3384,-85,-0.024502739,-28,-0.007747648,-28,-0.007808143,51,0.014333895,-177,-0.049044057,37,0.010780886,9%,10%,11%,10%,10%,10%,13%,TRUE,22%,0.797140129
Gloucestershire,46,295,293,287,276,299,274,258,-16,-0.058394161,-2,-0.006779661,-6,-0.020477816,-11,-0.038327526,23,0.083333333,-25,-0.08361204,South West,E12000009,916,E10000013,Year 1,6784,6893,6963,6794,6712,6607,6724,117,0.017708491,109,0.016067217,70,0.01015523,-169,-0.024271147,-82,-0.012069473,-105,-0.015643623,4%,4%,4%,4%,4%,4%,4%,FALSE,-7%,
Gateshead,45,112,126,129,135,114,104,131,27,0.259615385,14,0.125,3,0.023809524,6,0.046511628,-21,-0.155555556,-10,-0.087719298,North East,E12000001,390,E08000020,Year 1,2135,2242,2091,2112,2076,2084,2034,-50,-0.023992322,107,0.050117096,-151,-0.06735058,21,0.010043042,-36,-0.017045455,8,0.003853565,5%,6%,6%,6%,5%,5%,6%,TRUE,29%,
Essex,44,715,686,727,722,739,748,870,122,0.163101604,-29,-0.040559441,41,0.059766764,-5,-0.006877579,17,0.023545706,9,0.01217862,East of England,E12000006,881,E10000012,Year 1,16700,16905,17032,16846,16731,16611,16815,204,0.012281019,205,0.012275449,127,0.00751257,-186,-0.01092062,-115,-0.006826546,-120,-0.007172315,4%,4%,4%,4%,4%,5%,5%,TRUE,15%,
Enfield,43,278,286,230,274,213,280,216,-64,-0.228571429,8,0.028776978,-56,-0.195804196,44,0.191304348,-61,-0.222627737,67,0.314553991,London,E12000007,308,E09000010,Year 1,4555,4463,4426,4216,4048,4040,4076,36,0.008910891,-92,-0.020197585,-37,-0.008290388,-210,-0.047446905,-168,-0.039848197,-8,-0.001976285,6%,6%,5%,6%,5%,7%,5%,FALSE,-24%,
East Sussex,42,245,294,262,323,313,318,317,-1,-0.003144654,49,0.2,-32,-0.108843537,61,0.232824428,-10,-0.030959752,5,0.015974441,South East,E12000008,845,E10000011,Year 1,5485,5559,5511,5388,5140,5118,5065,-53,-0.010355608,74,0.01349134,-48,-0.008634647,-123,-0.022318998,-248,-0.046028211,-22,-0.004280156,4%,5%,5%,6%,6%,6%,6%,TRUE,1%,
East Riding of Yorkshire,41,154,158,180,162,180,156,203,47,0.301282051,4,0.025974026,22,0.139240506,-18,-0.1,18,0.111111111,-24,-0.133333333,Yorkshire and The Humber,E12000003,811,E06000011,Year 1,3461,3419,3647,3419,3283,3354,3294,-60,-0.017889088,-42,-0.012135221,228,0.066686166,-228,-0.062517137,-136,-0.039777713,71,0.021626561,4%,5%,5%,5%,5%,5%,6%,TRUE,32%,
Ealing,40,308,302,347,331,358,363,344,-19,-0.052341598,-6,-0.019480519,45,0.149006623,-16,-0.04610951,27,0.081570997,5,0.01396648,London,E12000007,307,E09000009,Year 1,4542,4497,4346,4206,4205,3978,3904,-74,-0.018602313,-45,-0.00990753,-151,-0.033577941,-140,-0.03221353,-1,-0.000237756,-227,-0.053983353,7%,7%,8%,8%,9%,9%,9%,FALSE,-3%,
Dudley,39,331,362,340,368,322,343,378,35,0.102040816,31,0.093655589,-22,-0.060773481,28,0.082352941,-46,-0.125,21,0.065217391,West Midlands,E12000005,332,E08000027,Year 1,3816,3832,4024,3964,3839,3679,3737,58,0.015765154,16,0.004192872,192,0.050104384,-60,-0.014910537,-125,-0.031533804,-160,-0.04167752,9%,9%,8%,9%,8%,9%,10%,TRUE,8%,
Dorset,38,299,298,346,401,328,299,341,42,0.140468227,-1,-0.003344482,48,0.161073826,55,0.158959538,-73,-0.182044888,-29,-0.088414634,South West,E12000009,838,E06000059,Year 1,NA,NA,NA,NA,3344,3241,3286,45,0.013884604,NA,NA,NA,NA,NA,NA,NA,NA,-103,-0.030801435,NA,NA,NA,NA,10%,9%,10%,TRUE,12%,
Dorset,38,299,298,346,401,328,299,341,42,0.140468227,-1,-0.003344482,48,0.161073826,55,0.158959538,-73,-0.182044888,-29,-0.088414634,South West,E12000009,835,E10000009,Year 1,3997,4028,4008,3959,NA,NA,NA,NA,NA,31,0.007755817,-20,-0.004965243,-49,-0.012225549,NA,NA,NA,NA,7%,7%,9%,10%,NA,NA,NA,,,
Doncaster,37,127,122,144,157,166,189,227,38,0.201058201,-5,-0.039370079,22,0.180327869,13,0.090277778,9,0.057324841,23,0.138554217,Yorkshire and The Humber,E12000003,371,E08000017,Year 1,3784,3883,3747,3772,3570,3570,3617,47,0.013165266,99,0.026162791,-136,-0.035024466,25,0.006672004,-202,-0.053552492,0,0,3%,3%,4%,4%,5%,5%,6%,TRUE,19%,
Devon,36,477,509,433,533,535,548,569,21,0.038321168,32,0.067085954,-76,-0.149312377,100,0.230946882,2,0.003752345,13,0.024299065,South West,E12000009,878,E10000008,Year 1,7745,8035,8049,7693,7702,7480,7594,114,0.015240642,290,0.037443512,14,0.001742377,-356,-0.044229097,9,0.001169895,-222,-0.028823682,6%,6%,5%,7%,7%,7%,7%,TRUE,2%,
Derbyshire,35,328,401,456,394,430,476,489,13,0.027310924,73,0.222560976,55,0.137157107,-62,-0.135964912,36,0.091370558,46,0.106976744,East Midlands,E12000004,830,E10000007,Year 1,8503,8733,8682,8341,8214,8152,8145,-7,-0.000858685,230,0.027049277,-51,-0.005839918,-341,-0.039276664,-127,-0.015225992,-62,-0.007548089,4%,5%,5%,5%,5%,6%,6%,TRUE,3%,
Derby,34,263,245,242,245,217,235,241,6,0.025531915,-18,-0.068441065,-3,-0.012244898,3,0.012396694,-28,-0.114285714,18,0.082949309,East Midlands,E12000004,831,E06000015,Year 1,3330,3320,3456,3344,3220,3211,3222,11,0.003425724,-10,-0.003003003,136,0.040963855,-112,-0.032407407,-124,-0.03708134,-9,-0.002795031,8%,7%,7%,7%,7%,7%,7%,TRUE,2%,
Darlington,33,93,72,84,97,61,69,79,10,0.144927536,-21,-0.225806452,12,0.166666667,13,0.154761905,-36,-0.371134021,8,0.131147541,North East,E12000001,841,E06000005,Year 1,1266,1241,1269,1211,1140,1169,1172,3,0.002566296,-25,-0.019747235,28,0.02256245,-58,-0.04570528,-71,-0.058629232,29,0.025438596,7%,6%,7%,8%,5%,6%,7%,TRUE,14%,
Cumbria,32,207,181,177,191,223,263,275,12,0.045627376,-26,-0.125603865,-4,-0.022099448,14,0.079096045,32,0.167539267,40,0.179372197,North West,E12000002,909,E10000006,Year 1,5105,5146,4982,5033,4891,4865,4924,59,0.012127441,41,0.008031342,-164,-0.031869413,51,0.010236853,-142,-0.028213789,-26,-0.005315886,4%,4%,4%,4%,5%,5%,6%,TRUE,3%,
Croydon,31,269,324,306,284,289,299,276,-23,-0.076923077,55,0.204460967,-18,-0.055555556,-22,-0.071895425,5,0.017605634,10,0.034602076,London,E12000007,306,E09000008,Year 1,4824,4763,4768,4574,4446,4357,4421,64,0.014689006,-61,-0.012645108,5,0.001049759,-194,-0.040687919,-128,-0.027984259,-89,-0.020017994,6%,7%,6%,6%,7%,7%,6%,FALSE,-9%,
Coventry,30,341,279,280,282,306,282,386,104,0.368794326,-62,-0.181818182,1,0.003584229,2,0.007142857,24,0.085106383,-24,-0.078431373,West Midlands,E12000005,331,E08000026,Year 1,4493,4538,4522,4395,4299,4230,4318,88,0.020803783,45,0.01001558,-16,-0.003525782,-127,-0.028084918,-96,-0.021843003,-69,-0.016050244,8%,6%,6%,6%,7%,7%,9%,TRUE,34%,
County Durham,29,347,337,348,362,341,295,407,112,0.379661017,-10,-0.028818444,11,0.03264095,14,0.040229885,-21,-0.05801105,-46,-0.134897361,North East,E12000001,840,E06000047,Year 1,5717,5744,5580,5545,5393,5331,5399,68,0.012755581,27,0.004722757,-164,-0.028551532,-35,-0.006272401,-152,-0.027412083,-62,-0.011496384,6%,6%,6%,7%,6%,6%,8%,TRUE,36%,
Cornwall,28,309,301,296,373,363,337,420,83,0.246290801,-8,-0.025889968,-5,-0.016611296,77,0.260135135,-10,-0.026809651,-26,-0.071625344,South West,E12000009,908,E06000052,Year 1,5739,6077,6057,5979,5756,5697,5589,-108,-0.018957346,338,0.058895278,-20,-0.003291098,-78,-0.012877662,-223,-0.037297207,-59,-0.010250174,5%,5%,5%,6%,6%,6%,8%,TRUE,27%,
Cheshire West and Chester,26,203,229,207,246,201,193,195,2,0.010362694,26,0.128078818,-22,-0.096069869,39,0.188405797,-45,-0.182926829,-8,-0.039800995,North West,E12000002,896,E06000050,Year 1,3865,3943,3952,3858,3874,3742,3864,122,0.032602886,78,0.020181113,9,0.002282526,-94,-0.023785425,16,0.004147227,-132,-0.034073309,5%,6%,5%,6%,5%,5%,5%,FALSE,-2%,
Cheshire East,25,127,153,139,117,92,129,154,25,0.19379845,26,0.204724409,-14,-0.091503268,-22,-0.158273381,-25,-0.213675214,37,0.402173913,North West,E12000002,895,E06000049,Year 1,4151,4225,4294,4046,4062,4068,4222,154,0.037856441,74,0.01782703,69,0.016331361,-248,-0.057755007,16,0.003954523,6,0.001477105,3%,4%,3%,3%,2%,3%,4%,TRUE,15%,
Central Bedfordshire,24,105,124,158,171,201,196,185,-11,-0.056122449,19,0.180952381,34,0.274193548,13,0.082278481,30,0.175438597,-5,-0.024875622,East of England,E12000006,823,E06000056,Year 1,3517,3661,3613,3652,3615,3599,3719,120,0.033342595,144,0.040943986,-48,-0.013111172,39,0.010794354,-37,-0.010131435,-16,-0.004426003,3%,3%,4%,5%,6%,5%,5%,FALSE,-9%,
Camden,23,138,159,129,134,106,123,111,-12,-0.097560976,21,0.152173913,-30,-0.188679245,5,0.03875969,-28,-0.208955224,17,0.160377359,London,E12000007,202,E09000007,Year 1,1646,1713,1546,1508,1417,1408,1430,22,0.015625,67,0.040704739,-167,-0.097489784,-38,-0.02457956,-91,-0.060344828,-9,-0.006351447,8%,9%,8%,9%,7%,9%,8%,FALSE,-11%,
Cambridgeshire,22,258,275,301,282,346,318,418,100,0.314465409,17,0.065891473,26,0.094545455,-19,-0.063122924,64,0.226950355,-28,-0.080924855,East of England,E12000006,873,E10000003,Year 1,7301,7513,7549,7306,7157,7165,7205,40,0.005582694,212,0.029037118,36,0.004791694,-243,-0.032189694,-149,-0.020394197,8,0.001117787,4%,4%,4%,4%,5%,4%,6%,TRUE,31%,
Calderdale,21,104,123,89,122,95,114,159,45,0.394736842,19,0.182692308,-34,-0.276422764,33,0.370786517,-27,-0.221311475,19,0.2,Yorkshire and The Humber,E12000003,381,E08000033,Year 1,2798,2673,2767,2601,2578,2455,2481,26,0.010590631,-125,-0.044674768,94,0.03516648,-166,-0.059992772,-23,-0.008842753,-123,-0.047711404,4%,5%,3%,5%,4%,5%,6%,TRUE,38%,
Bury,20,140,134,132,120,137,141,152,11,0.078014184,-6,-0.042857143,-2,-0.014925373,-12,-0.090909091,17,0.141666667,4,0.02919708,North West,E12000002,351,E08000002,Year 1,2358,2433,2453,2377,2315,2257,2260,3,0.001329198,75,0.031806616,20,0.008220304,-76,-0.03098247,-62,-0.026083298,-58,-0.025053996,6%,6%,5%,5%,6%,6%,7%,TRUE,8%,
Buckinghamshire,19,270,363,327,347,352,382,387,5,0.013089005,93,0.344444444,-36,-0.099173554,20,0.06116208,5,0.014409222,30,0.085227273,South East,E12000008,825,E10000002,Year 1,6290,6405,6349,6141,6069,6138,6206,68,0.011078527,115,0.018282989,-56,-0.008743169,-208,-0.032761065,-72,-0.011724475,69,0.011369254,4%,6%,5%,6%,6%,6%,6%,TRUE,0%,
Bromley,18,172,248,247,274,332,305,266,-39,-0.127868853,76,0.441860465,-1,-0.004032258,27,0.109311741,58,0.211678832,-27,-0.081325301,London,E12000007,305,E09000006,Year 1,4058,4046,3993,3945,3867,3946,4016,70,0.017739483,-12,-0.002957122,-53,-0.013099357,-48,-0.012021037,-78,-0.019771863,79,0.020429273,4%,6%,6%,7%,9%,8%,7%,FALSE,-14%,
"Bristol, City of",17,306,279,311,333,290,281,388,107,0.380782918,-27,-0.088235294,32,0.114695341,22,0.07073955,-43,-0.129129129,-9,-0.031034483,South West,E12000009,801,E06000023,Year 1,5163,5289,5323,5305,5059,4976,4997,21,0.004220257,126,0.024404416,34,0.006428436,-18,-0.003381552,-246,-0.046371348,-83,-0.016406404,6%,5%,6%,6%,6%,6%,8%,TRUE,37%,
Brighton and Hove,16,179,174,148,160,151,165,176,11,0.066666667,-5,-0.027932961,-26,-0.149425287,12,0.081081081,-9,-0.05625,14,0.092715232,South East,E12000008,846,E06000043,Year 1,2868,2781,2681,2581,2567,2495,2442,-53,-0.021242485,-87,-0.030334728,-100,-0.035958288,-100,-0.037299515,-14,-0.005424254,-72,-0.028048305,6%,6%,6%,6%,6%,7%,7%,TRUE,9%,
Brent,15,249,283,251,267,248,240,269,29,0.120833333,34,0.136546185,-32,-0.113074205,16,0.06374502,-19,-0.071161049,-8,-0.032258065,London,E12000007,304,E09000005,Year 1,3790,3812,3727,3589,3568,3443,3458,15,0.004356666,22,0.005804749,-85,-0.022298006,-138,-0.0370271,-21,-0.005851212,-125,-0.035033632,7%,7%,7%,7%,7%,7%,8%,TRUE,12%,
Bradford,14,485,477,487,507,540,527,529,2,0.003795066,-8,-0.016494845,10,0.020964361,20,0.041067762,33,0.065088757,-13,-0.024074074,Yorkshire and The Humber,E12000003,380,E08000032,Year 1,7881,7765,7553,7492,7438,7337,7376,39,0.005315524,-116,-0.014718944,-212,-0.027301996,-61,-0.008076261,-54,-0.007207688,-101,-0.013578919,6%,6%,6%,7%,7%,7%,7%,FALSE,0%,
Bracknell Forest,13,60,50,53,35,40,54,73,19,0.351851852,-10,-0.166666667,3,0.06,-18,-0.339622642,5,0.142857143,14,0.35,South East,E12000008,867,E06000036,Year 1,1498,1463,1478,1412,1360,1366,1349,-17,-0.012445095,-35,-0.023364486,15,0.010252905,-66,-0.044654939,-52,-0.036827195,6,0.004411765,4%,3%,4%,2%,3%,4%,5%,TRUE,37%,
"Bournemouth, Christchurch and Poole",12,NA,NA,NA,NA,306,300,338,38,0.126666667,NA,NA,NA,NA,NA,NA,NA,NA,-6,-0.019607843,South West,E12000009,839,E06000058,Year 1,NA,NA,NA,NA,3734,3707,3852,145,0.039115187,NA,NA,NA,NA,NA,NA,NA,NA,-27,-0.007230852,NA,NA,NA,NA,8%,8%,9%,TRUE,8%,
Bournemouth,11,127,153,154,155,NA,NA,NA,NA,NA,26,0.204724409,1,0.006535948,1,0.006493506,NA,NA,NA,NA,South West,E12000009,837,E06000028,Year 1,1728,1819,1815,1818,NA,NA,NA,NA,NA,91,0.052662037,-4,-0.00219901,3,0.001652893,NA,NA,NA,NA,7%,8%,8%,9%,NA,NA,NA,,,
Bolton,10,142,178,218,214,260,260,290,30,0.115384615,36,0.253521127,40,0.224719101,-4,-0.018348624,46,0.214953271,0,0,North West,E12000002,350,E08000001,Year 1,3856,3906,4061,3860,3969,3880,3950,70,0.018041237,50,0.012966805,155,0.03968254,-201,-0.049495198,109,0.028238342,-89,-0.022423784,4%,5%,5%,6%,7%,7%,7%,TRUE,10%,
Blackpool,9,146,139,170,180,203,178,182,4,0.02247191,-7,-0.047945205,31,0.223021583,10,0.058823529,23,0.127777778,-25,-0.123152709,North West,E12000002,890,E06000009,Year 1,1618,1592,1638,1608,1611,1547,1492,-55,-0.035552683,-26,-0.016069221,46,0.028894472,-30,-0.018315018,3,0.001865672,-64,-0.039726878,9%,9%,10%,11%,13%,12%,12%,TRUE,6%,
Blackburn with Darwen,8,181,200,199,216,224,226,281,55,0.243362832,19,0.104972376,-1,-0.005,17,0.085427136,8,0.037037037,2,0.008928571,North West,E12000002,889,E06000008,Year 1,2063,2161,2161,2103,2006,2064,2023,-41,-0.019864341,98,0.047503635,0,0,-58,-0.026839426,-97,-0.046124584,58,0.02891326,9%,9%,9%,10%,11%,11%,14%,TRUE,27%,34
Birmingham,7,765,836,868,900,899,936,1114,178,0.19017094,71,0.092810458,32,0.038277512,32,0.036866359,-1,-0.001111111,37,0.041156841,West Midlands,E12000005,330,E08000025,Year 1,15384,15970,15800,15524,15084,14625,14999,374,0.02557265,586,0.038091524,-170,-0.010644959,-276,-0.017468354,-440,-0.028343211,-459,-0.030429594,5%,5%,5%,6%,6%,6%,7%,TRUE,16%,
Bexley,6,209,215,213,247,245,200,219,19,0.095,6,0.028708134,-2,-0.009302326,34,0.159624413,-2,-0.008097166,-45,-0.183673469,London,E12000007,303,E09000004,Year 1,3119,3174,3139,2977,3045,3038,3039,1,0.000329164,55,0.017633857,-35,-0.011027095,-162,-0.051608793,68,0.022841787,-7,-0.002298851,7%,7%,7%,8%,8%,7%,7%,TRUE,9%,
Bedford,5,93,84,115,110,107,130,112,-18,-0.138461539,-9,-0.096774194,31,0.369047619,-5,-0.043478261,-3,-0.027272727,23,0.214953271,East of England,E12000006,822,E06000055,Year 1,2274,2252,2274,2238,2286,2161,2294,133,0.061545581,-22,-0.009674582,22,0.009769094,-36,-0.015831135,48,0.021447721,-125,-0.054680665,4%,4%,5%,5%,5%,6%,5%,FALSE,-19%,
Bath and North East Somerset,4,82,101,95,118,96,115,157,42,0.365217391,19,0.231707317,-6,-0.059405941,23,0.242105263,-22,-0.186440678,19,0.197916667,South West,E12000009,800,E06000022,Year 1,1872,1914,1883,1879,1806,1843,1854,11,0.00596853,42,0.022435897,-31,-0.016196447,-4,-0.00212427,-73,-0.038850452,37,0.020487265,4%,5%,5%,6%,5%,6%,8%,TRUE,36%,
Barnsley,3,114,147,141,125,129,107,143,36,0.336448598,33,0.289473684,-6,-0.040816327,-16,-0.113475177,4,0.032,-22,-0.170542636,Yorkshire and The Humber,E12000003,370,E08000016,Year 1,2804,2942,2941,2818,2714,2798,2721,-77,-0.027519657,138,0.049215407,-1,-0.000339905,-123,-0.041822509,-104,-0.036905607,84,0.030950626,4%,5%,5%,4%,5%,4%,5%,TRUE,37%,
Barnet,2,254,239,241,250,234,209,244,35,0.167464115,-15,-0.059055118,2,0.008368201,9,0.037344398,-16,-0.064,-25,-0.106837607,London,E12000007,302,E09000003,Year 1,4302,4282,4317,4147,4008,3960,4052,92,0.023232323,-20,-0.004649,35,0.008173751,-170,-0.039379199,-139,-0.033518206,-48,-0.011976048,6%,6%,6%,6%,6%,5%,6%,TRUE,14%,
Barking and Dagenham,1,241,299,285,287,282,316,319,3,0.009493671,58,0.2406639,-14,-0.046822742,2,0.007017544,-5,-0.017421603,34,0.120567376,London,E12000007,301,E09000002,Year 1,3585,3529,3568,3381,3200,3231,3378,147,0.04549675,-56,-0.015620642,39,0.011051289,-187,-0.052410314,-181,-0.053534457,31,0.0096875,7%,8%,8%,8%,9%,10%,9%,FALSE,-3%,
,,,,,,,,,,,,,,,,,,,,,,,,,,,,,,,,,,,,,,,,,,,,,6%,6%,6%,6%,7%,7%,7%,TRUE,8%,