"","region_name","region_code","old_la_code","la_name","new_la_code","ncyear","201516","201617","201718","201819","201920","202021","202122","YOY21to22","YOYperc21to22","YOY16to17","YOYperc16to17","YOY17to18","YOYperc17to18","YOY18to19","YOYperc18to19","YOY19to20","YOYperc19to20","YOY20to21","YOYperc20to21"
"1","East Midlands","E12000004",830,"Derbyshire","E10000007","Year 1",8503,8733,8682,8341,8214,8152,8145,-7,-0.000858684985279686,230,0.0270492767258615,-51,-0.00583991755410512,-341,-0.03927666436305,-127,-0.0152259920872797,-62,-0.00754808862916971
"2","East Midlands","E12000004",831,"Derby","E06000015","Year 1",3330,3320,3456,3344,3220,3211,3222,11,0.00342572407349735,-10,-0.003003003003003,136,0.0409638554216867,-112,-0.0324074074074074,-124,-0.0370813397129187,-9,-0.00279503105590062
"3","East Midlands","E12000004",855,"Leicestershire","E10000018","Year 1",7688,7961,7889,7750,7596,7822,7808,-14,-0.00178982357453337,273,0.0355098855359001,-72,-0.00904408993844994,-139,-0.0176194701483078,-154,-0.0198709677419355,226,0.0297525013164824
"4","East Midlands","E12000004",856,"Leicester","E06000016","Year 1",4574,4739,4755,4672,4613,4546,4541,-5,-0.0010998680158381,165,0.0360734586794928,16,0.00337623971301962,-83,-0.0174553101997897,-59,-0.0126284246575342,-67,-0.0145241708215912
"5","East Midlands","E12000004",857,"Rutland","E06000017","Year 1",419,403,406,401,396,398,382,-16,-0.0402010050251256,-16,-0.0381861575178998,3,0.00744416873449132,-5,-0.0123152709359606,-5,-0.0124688279301746,2,0.00505050505050505
"6","East Midlands","E12000004",891,"Nottinghamshire","E10000024","Year 1",9445,9662,9770,9432,9284,9177,9348,171,0.0186335403726708,217,0.0229751191106406,108,0.0111778099772304,-338,-0.0345957011258956,-148,-0.0156912637828668,-107,-0.0115252046531667
"7","East Midlands","E12000004",892,"Nottingham","E06000018","Year 1",3630,3755,3771,3761,3618,3628,3729,101,0.0278390297684675,125,0.034435261707989,16,0.00426098535286285,-10,-0.00265181649429859,-143,-0.0380218027120447,10,0.00276395798783858
"8","East Midlands","E12000004",925,"Lincolnshire","E10000019","Year 1",7989,8124,8082,7736,7895,7731,7787,56,0.00724356486871039,135,0.0168982350732257,-42,-0.0051698670605613,-346,-0.0428111853501609,159,0.0205532574974147,-164,-0.0207726409119696
"9","East Midlands","E12000004",928,"Northamptonshire","E10000021","Year 1",9226,9389,9294,9130,8877,8892,NA,NA,NA,163,0.0176674615217863,-95,-0.0101182234529769,-164,-0.0176457929847213,-253,-0.027710843373494,15,0.00168976005407232
"10","East Midlands","E12000004",940,"North Northamptonshire","E06000061","Year 1",NA,NA,NA,NA,NA,NA,4072,NA,NA,NA,NA,NA,NA,NA,NA,NA,NA,NA,NA
"11","East Midlands","E12000004",941,"West Northamptonshire","E06000062","Year 1",NA,NA,NA,NA,NA,NA,4859,NA,NA,NA,NA,NA,NA,NA,NA,NA,NA,NA,NA
"12","East of England","E12000006",821,"Luton","E06000032","Year 1",3245,3403,3293,3217,3209,3113,3219,106,0.0340507548988114,158,0.0486902927580894,-110,-0.0323244196297385,-76,-0.0230792590343152,-8,-0.00248678893378924,-96,-0.0299158616391399
"13","East of England","E12000006",822,"Bedford","E06000055","Year 1",2274,2252,2274,2238,2286,2161,2294,133,0.0615455807496529,-22,-0.00967458223394899,22,0.00976909413854352,-36,-0.0158311345646438,48,0.0214477211796247,-125,-0.0546806649168854
"14","East of England","E12000006",823,"Central Bedfordshire","E06000056","Year 1",3517,3661,3613,3652,3615,3599,3719,120,0.0333425951653237,144,0.0409439863520046,-48,-0.0131111718109806,39,0.0107943537226681,-37,-0.01013143483023,-16,-0.00442600276625173
"15","East of England","E12000006",873,"Cambridgeshire","E10000003","Year 1",7301,7513,7549,7306,7157,7165,7205,40,0.00558269364968597,212,0.0290371182029859,36,0.00479169439637961,-243,-0.0321896939992052,-149,-0.0203941965507802,8,0.0011177867821713
"16","East of England","E12000006",874,"Peterborough","E06000031","Year 1",3060,3035,3139,3102,3015,2948,2949,1,0.00033921302578019,-25,-0.00816993464052288,104,0.0342668863261944,-37,-0.0117871933736859,-87,-0.0280464216634429,-67,-0.0222222222222222
"17","East of England","E12000006",881,"Essex","E10000012","Year 1",16700,16905,17032,16846,16731,16611,16815,204,0.0122810186021311,205,0.0122754491017964,127,0.0075125702454895,-186,-0.0109206200093941,-115,-0.00682654636115398,-120,-0.00717231486462256
"18","East of England","E12000006",882,"Southend-on-Sea","E06000033","Year 1",2190,2177,2154,2106,2122,2087,2140,53,0.0253953042644945,-13,-0.00593607305936073,-23,-0.0105649977032614,-48,-0.0222841225626741,16,0.00759734093067426,-35,-0.0164938737040528
"19","East of England","E12000006",883,"Thurrock","E06000034","Year 1",2365,2486,2545,2429,2446,2497,2559,62,0.0248297957549059,121,0.0511627906976744,59,0.0237329042638777,-116,-0.0455795677799607,17,0.00699876492383697,51,0.0208503679476697
"20","East of England","E12000006",919,"Hertfordshire","E10000015","Year 1",14554,14768,14593,14133,13988,13927,13959,32,0.00229769512457816,214,0.0147038614813797,-175,-0.0118499458288191,-460,-0.0315219625848009,-145,-0.0102596759357532,-61,-0.0043608807549328
"21","East of England","E12000006",926,"Norfolk","E10000020","Year 1",9091,9392,9577,9296,8907,8981,8971,-10,-0.0011134617525888,301,0.033109668903311,185,0.0196976149914821,-281,-0.0293411297901222,-389,-0.0418459552495697,74,0.00830807230268328
"22","East of England","E12000006",935,"Suffolk","E10000029","Year 1",7938,8216,8223,7935,7773,7712,7757,45,0.0058350622406639,278,0.0350214159737969,7,0.000851996105160662,-288,-0.0350237139730026,-162,-0.0204158790170132,-61,-0.0078476778592564
"23","London","E12000007",201,"City of London","E09000001","Year 1",30,30,59,30,29,27,31,4,0.148148148148148,0,0,29,0.966666666666667,-29,-0.491525423728814,-1,-0.0333333333333333,-2,-0.0689655172413793
"24","London","E12000007",202,"Camden","E09000007","Year 1",1646,1713,1546,1508,1417,1408,1430,22,0.015625,67,0.0407047387606318,-167,-0.0974897840046702,-38,-0.0245795601552393,-91,-0.0603448275862069,-9,-0.0063514467184192
"25","London","E12000007",203,"Greenwich","E09000011","Year 1",3614,3586,3558,3609,3432,3469,3384,-85,-0.0245027385413664,-28,-0.00774764803541782,-28,-0.00780814277746793,51,0.0143338954468803,-177,-0.0490440565253533,37,0.0107808857808858
"26","London","E12000007",204,"Hackney","E09000012","Year 1",2803,2778,2738,2612,2512,2539,2498,-41,-0.0161480897991335,-25,-0.00891901534070639,-40,-0.0143988480921526,-126,-0.0460189919649379,-100,-0.0382848392036753,27,0.0107484076433121
"27","London","E12000007",205,"Hammersmith and Fulham","E09000013","Year 1",1475,1420,1402,1339,1312,1271,1280,9,0.00708103855232101,-55,-0.0372881355932203,-18,-0.0126760563380282,-63,-0.0449358059914408,-27,-0.0201643017176998,-41,-0.03125
"28","London","E12000007",206,"Islington","E09000019","Year 1",2057,2067,1924,1894,1843,1832,1793,-39,-0.0212882096069869,10,0.00486144871171609,-143,-0.0691823899371069,-30,-0.0155925155925156,-51,-0.0269271383315734,-11,-0.00596852957135106
"29","London","E12000007",207,"Kensington and Chelsea","E09000020","Year 1",1013,970,982,966,944,906,968,62,0.0684326710816777,-43,-0.0424481737413623,12,0.0123711340206186,-16,-0.0162932790224033,-22,-0.0227743271221532,-38,-0.0402542372881356
"30","London","E12000007",208,"Lambeth","E09000022","Year 1",3031,2884,2934,2959,2891,2795,2635,-160,-0.0572450805008945,-147,-0.0484988452655889,50,0.0173370319001387,25,0.00852079072937969,-68,-0.0229807367353836,-96,-0.0332065029401591
"31","London","E12000007",209,"Lewisham","E09000023","Year 1",3508,3549,3407,3385,3299,3148,3063,-85,-0.0270012706480305,41,0.0116875712656784,-142,-0.0400112707805015,-22,-0.00645729380686821,-86,-0.0254062038404727,-151,-0.0457714458926948
"32","London","E12000007",210,"Southwark","E09000028","Year 1",3407,3476,3435,3260,3163,3071,2900,-171,-0.0556821882123087,69,0.0202524214851776,-41,-0.011795166858458,-175,-0.0509461426491994,-97,-0.0297546012269939,-92,-0.0290863104647487
"33","London","E12000007",211,"Tower Hamlets","E09000030","Year 1",3391,3380,3470,3289,3282,3170,3371,201,0.0634069400630915,-11,-0.00324388086110292,90,0.0266272189349112,-181,-0.0521613832853026,-7,-0.00212830647613256,-112,-0.0341255332114564
"34","London","E12000007",212,"Wandsworth","E09000032","Year 1",2932,2841,2921,2834,2728,2672,2613,-59,-0.0220808383233533,-91,-0.0310368349249659,80,0.0281590989088349,-87,-0.0297843204382061,-106,-0.0374029640084686,-56,-0.0205278592375367
"35","London","E12000007",213,"Westminster","E09000033","Year 1",1477,1467,1340,1267,1124,1167,1154,-13,-0.0111396743787489,-10,-0.00677048070412999,-127,-0.0865712338104976,-73,-0.0544776119402985,-143,-0.112865035516969,43,0.0382562277580071
"36","London","E12000007",301,"Barking and Dagenham","E09000002","Year 1",3585,3529,3568,3381,3200,3231,3378,147,0.0454967502321263,-56,-0.0156206415620642,39,0.011051289317087,-187,-0.0524103139013453,-181,-0.0535344572611653,31,0.0096875
"37","London","E12000007",302,"Barnet","E09000003","Year 1",4302,4282,4317,4147,4008,3960,4052,92,0.0232323232323232,-20,-0.00464900046490005,35,0.00817375058383933,-170,-0.039379198517489,-139,-0.033518205931999,-48,-0.0119760479041916
"38","London","E12000007",303,"Bexley","E09000004","Year 1",3119,3174,3139,2977,3045,3038,3039,1,0.00032916392363397,55,0.0176338570054505,-35,-0.0110270951480781,-162,-0.0516087926091112,68,0.0228417870339268,-7,-0.00229885057471264
"39","London","E12000007",304,"Brent","E09000005","Year 1",3790,3812,3727,3589,3568,3443,3458,15,0.00435666569851873,22,0.00580474934036939,-85,-0.0222980062959077,-138,-0.0370270995438691,-21,-0.00585121203677905,-125,-0.0350336322869955
"40","London","E12000007",305,"Bromley","E09000006","Year 1",4058,4046,3993,3945,3867,3946,4016,70,0.0177394830207805,-12,-0.00295712173484475,-53,-0.0130993573900148,-48,-0.0120210368144252,-78,-0.0197718631178707,79,0.0204292733385053
"41","London","E12000007",306,"Croydon","E09000008","Year 1",4824,4763,4768,4574,4446,4357,4421,64,0.0146890061969245,-61,-0.0126451077943615,5,0.00104975855553223,-194,-0.0406879194630872,-128,-0.0279842588543944,-89,-0.0200179937022042
"42","London","E12000007",307,"Ealing","E09000009","Year 1",4542,4497,4346,4206,4205,3978,3904,-74,-0.0186023127199598,-45,-0.00990752972258917,-151,-0.0335779408494552,-140,-0.0322135296824666,-1,-0.000237755587256301,-227,-0.0539833531510107
"43","London","E12000007",308,"Enfield","E09000010","Year 1",4555,4463,4426,4216,4048,4040,4076,36,0.00891089108910891,-92,-0.0201975850713502,-37,-0.00829038763163791,-210,-0.0474469046543154,-168,-0.0398481973434535,-8,-0.00197628458498024
"44","London","E12000007",309,"Haringey","E09000014","Year 1",3218,3148,3020,2918,2920,2818,2822,4,0.0014194464158978,-70,-0.0217526413921691,-128,-0.0406607369758577,-102,-0.0337748344370861,2,0.000685400959561343,-102,-0.0349315068493151
"45","London","E12000007",310,"Harrow","E09000015","Year 1",3136,3026,3036,3114,2973,2934,2973,39,0.0132924335378323,-110,-0.0350765306122449,10,0.00330469266358229,78,0.0256916996047431,-141,-0.0452793834296724,-39,-0.0131180625630676
"46","London","E12000007",311,"Havering","E09000016","Year 1",3059,3200,3289,3306,3219,3295,3511,216,0.0655538694992413,141,0.0460934946060804,89,0.0278125,17,0.00516874429917908,-87,-0.0263157894736842,76,0.023609816713265
"47","London","E12000007",312,"Hillingdon","E09000017","Year 1",4012,4154,4053,3886,3928,3839,3815,-24,-0.00625162802813233,142,0.0353938185443669,-101,-0.0243139142994704,-167,-0.0412040463853935,42,0.0108080288214102,-89,-0.0226578411405295
"48","London","E12000007",313,"Hounslow","E09000018","Year 1",3302,3310,3470,3372,3137,3095,3097,2,0.000646203554119548,8,0.00242277407631738,160,0.0483383685800604,-98,-0.0282420749279539,-235,-0.0696915776986951,-42,-0.0133885878227606
"49","London","E12000007",314,"Kingston upon Thames","E09000021","Year 1",1970,2000,1984,1935,1919,1907,1868,-39,-0.0204509701101206,30,0.0152284263959391,-16,-0.008,-49,-0.0246975806451613,-16,-0.0082687338501292,-12,-0.00625325690463783
"50","London","E12000007",315,"Merton","E09000024","Year 1",2591,2590,2465,2392,2250,2283,2200,-83,-0.0363556723609286,-1,-0.000385951370127364,-125,-0.0482625482625483,-73,-0.0296146044624746,-142,-0.0593645484949833,33,0.0146666666666667
"51","London","E12000007",316,"Newham","E09000025","Year 1",4744,4832,4802,4725,4506,4433,4346,-87,-0.019625535754568,88,0.0185497470489039,-30,-0.00620860927152318,-77,-0.0160349854227405,-219,-0.0463492063492063,-73,-0.0162006213936973
"52","London","E12000007",317,"Redbridge","E09000026","Year 1",4032,3911,4050,3975,3821,3898,3829,-69,-0.0177013853258081,-121,-0.0300099206349206,139,0.0355407824085912,-75,-0.0185185185185185,-154,-0.0387421383647799,77,0.0201517927244177
"53","London","E12000007",318,"Richmond upon Thames","E09000027","Year 1",2584,2545,2502,2446,2362,2375,2361,-14,-0.00589473684210526,-39,-0.0150928792569659,-43,-0.0168958742632613,-56,-0.0223820943245404,-84,-0.0343417825020442,13,0.00550381033022862
"54","London","E12000007",319,"Sutton","E09000029","Year 1",2532,2543,2616,2497,2451,2529,2529,0,0,11,0.00434439178515008,73,0.0287062524577271,-119,-0.0454892966360856,-46,-0.0184221065278334,78,0.0318237454100367
"55","London","E12000007",320,"Waltham Forest","E09000031","Year 1",3507,3549,3586,3426,3271,3365,3345,-20,-0.00594353640416048,42,0.0119760479041916,37,0.0104254719639335,-160,-0.0446179587283882,-155,-0.0452422650321074,94,0.0287373891776215
"56","North East","E12000001",390,"Gateshead","E08000020","Year 1",2135,2242,2091,2112,2076,2084,2034,-50,-0.0239923224568138,107,0.0501170960187354,-151,-0.0673505798394291,21,0.0100430416068867,-36,-0.0170454545454545,8,0.00385356454720617
"57","North East","E12000001",391,"Newcastle upon Tyne","E08000021","Year 1",3149,3264,3165,3146,3133,3052,3129,77,0.0252293577981651,115,0.0365195300095268,-99,-0.0303308823529412,-19,-0.00600315955766193,-13,-0.00413223140495868,-81,-0.025853814235557
"58","North East","E12000001",392,"North Tyneside","E08000022","Year 1",2256,2279,2231,2225,2273,2181,2228,47,0.0215497478221,23,0.0101950354609929,-48,-0.0210618692408951,-6,-0.00268937696100403,48,0.0215730337078652,-92,-0.0404751429828421
"59","North East","E12000001",393,"South Tyneside","E08000023","Year 1",1653,1652,1718,1676,1637,1629,1789,160,0.098219766728054,-1,-0.000604960677555959,66,0.0399515738498789,-42,-0.0244470314318976,-39,-0.0232696897374702,-8,-0.00488698839340257
"60","North East","E12000001",394,"Sunderland","E08000024","Year 1",2996,3104,3118,2869,2822,2833,2889,56,0.0197670314154606,108,0.0360480640854473,14,0.00451030927835052,-249,-0.0798588838999359,-47,-0.0163820146392471,11,0.0038979447200567
"61","North East","E12000001",805,"Hartlepool","E06000001","Year 1",1159,1199,1192,1077,1080,1058,1061,3,0.00283553875236295,40,0.0345125107851596,-7,-0.00583819849874896,-115,-0.0964765100671141,3,0.00278551532033426,-22,-0.0203703703703704
"62","North East","E12000001",806,"Middlesbrough","E06000002","Year 1",1905,2039,1938,2001,1945,1880,1899,19,0.0101063829787234,134,0.0703412073490814,-101,-0.049534085335949,63,0.0325077399380805,-56,-0.0279860069965017,-65,-0.0334190231362468
"63","North East","E12000001",807,"Redcar and Cleveland","E06000003","Year 1",1610,1667,1712,1603,1576,1484,1440,-44,-0.0296495956873315,57,0.0354037267080745,45,0.026994601079784,-109,-0.0636682242990654,-27,-0.0168434185901435,-92,-0.0583756345177665
"64","North East","E12000001",808,"Stockton-on-Tees","E06000004","Year 1",2512,2537,2519,2409,2422,2345,2354,9,0.00383795309168444,25,0.00995222929936306,-18,-0.00709499408750493,-110,-0.0436681222707424,13,0.0053964300539643,-77,-0.0317919075144509
"65","North East","E12000001",840,"County Durham","E06000047","Year 1",5717,5744,5580,5545,5393,5331,5399,68,0.0127555805664978,27,0.00472275669057198,-164,-0.0285515320334262,-35,-0.00627240143369176,-152,-0.0274120829576195,-62,-0.011496384201743
"66","North East","E12000001",841,"Darlington","E06000005","Year 1",1266,1241,1269,1211,1140,1169,1172,3,0.00256629597946963,-25,-0.0197472353870458,28,0.0225624496373892,-58,-0.0457052797478329,-71,-0.0586292320396367,29,0.0254385964912281
"67","North East","E12000001",929,"Northumberland","E06000048","Year 1",3003,3052,3207,3221,3060,3005,3150,145,0.0482529118136439,49,0.0163170163170163,155,0.050786369593709,14,0.00436545057686311,-161,-0.0499844768705371,-55,-0.0179738562091503
"68","North West","E12000002",340,"Knowsley","E08000011","Year 1",1811,1873,1935,1865,1809,1871,1885,14,0.00748262960983431,62,0.0342352291551629,62,0.0331019754404698,-70,-0.0361757105943152,-56,-0.0300268096514745,62,0.0342730790491984
"69","North West","E12000002",341,"Liverpool","E08000012","Year 1",5076,5341,5487,5318,5324,5542,5497,-45,-0.00811981234211476,265,0.0522064617809299,146,0.0273357049241715,-169,-0.0308000728995808,6,0.00112824370063934,218,0.040946656649136
"70","North West","E12000002",342,"St. Helens","E08000013","Year 1",2078,2106,2174,2100,2041,2011,2015,4,0.00198906016907011,28,0.0134744947064485,68,0.0322886989553656,-74,-0.0340386384544618,-59,-0.0280952380952381,-30,-0.0146986771190593
"71","North West","E12000002",343,"Sefton","E08000014","Year 1",2989,3074,2984,2985,3031,2897,2982,85,0.0293406972730411,85,0.0284376045500167,-90,-0.0292778139232271,1,0.000335120643431635,46,0.0154103852596315,-134,-0.0442098317387001
"72","North West","E12000002",344,"Wirral","E08000015","Year 1",3664,3728,3794,3552,3575,3502,3516,14,0.00399771559109081,64,0.0174672489082969,66,0.0177038626609442,-242,-0.0637849235635213,23,0.00647522522522523,-73,-0.0204195804195804
"73","North West","E12000002",350,"Bolton","E08000001","Year 1",3856,3906,4061,3860,3969,3880,3950,70,0.0180412371134021,50,0.0129668049792531,155,0.0396825396825397,-201,-0.0494951982270377,109,0.0282383419689119,-89,-0.0224237843285462
"74","North West","E12000002",351,"Bury","E08000002","Year 1",2358,2433,2453,2377,2315,2257,2260,3,0.00132919805050953,75,0.0318066157760814,20,0.0082203041512536,-76,-0.0309824704443539,-62,-0.0260832982751367,-58,-0.0250539956803456
"75","North West","E12000002",352,"Manchester","E08000003","Year 1",6940,7092,7043,7035,6890,6996,6918,-78,-0.0111492281303602,152,0.0219020172910663,-49,-0.00690919345741681,-8,-0.00113587959676274,-145,-0.0206112295664534,106,0.0153846153846154
"76","North West","E12000002",353,"Oldham","E08000004","Year 1",3476,3503,3379,3492,3381,3369,3424,55,0.0163253190857821,27,0.00776754890678941,-124,-0.0353982300884956,113,0.0334418467002072,-111,-0.031786941580756,-12,-0.00354924578527063
"77","North West","E12000002",354,"Rochdale","E08000005","Year 1",2923,2994,3080,3057,2991,2956,3051,95,0.0321380243572395,71,0.0242901128977078,86,0.0287241148964596,-23,-0.00746753246753247,-66,-0.0215897939156035,-35,-0.0117017719826145
"78","North West","E12000002",355,"Salford","E08000006","Year 1",3149,3240,3180,3177,3027,3005,3166,161,0.0535773710482529,91,0.0288980628771038,-60,-0.0185185185185185,-3,-0.000943396226415094,-150,-0.0472143531633617,-22,-0.00726792203501817
"79","North West","E12000002",356,"Stockport","E08000007","Year 1",3465,3522,3594,3548,3507,3497,3495,-2,-0.00057191878753217,57,0.0164502164502165,72,0.020442930153322,-46,-0.0127991096271564,-41,-0.0115558060879369,-10,-0.00285143997718848
"80","North West","E12000002",357,"Tameside","E08000008","Year 1",3128,3029,3088,3012,2894,2874,2804,-70,-0.0243562978427279,-99,-0.0316496163682864,59,0.0194783757015517,-76,-0.0246113989637306,-118,-0.0391766268260292,-20,-0.00691085003455425
"81","North West","E12000002",358,"Trafford","E08000009","Year 1",2963,3088,3103,2937,2927,2900,2977,77,0.026551724137931,125,0.0421869726628417,15,0.00485751295336788,-166,-0.0534966161778924,-10,-0.00340483486550902,-27,-0.00922446190638879
"82","North West","E12000002",359,"Wigan","E08000010","Year 1",3824,3908,3790,3718,3616,3635,3600,-35,-0.00962861072902338,84,0.0219665271966527,-118,-0.0301944728761515,-72,-0.0189973614775726,-102,-0.0274341043571813,19,0.00525442477876106
"83","North West","E12000002",876,"Halton","E06000006","Year 1",1512,1439,1495,1510,1395,1475,1415,-60,-0.0406779661016949,-73,-0.0482804232804233,56,0.038915913829048,15,0.0100334448160535,-115,-0.076158940397351,80,0.0573476702508961
"84","North West","E12000002",877,"Warrington","E06000007","Year 1",2616,2616,2599,2528,2424,2519,2423,-96,-0.0381103612544661,0,0,-17,-0.00649847094801223,-71,-0.0273181993074259,-104,-0.0411392405063291,95,0.0391914191419142
"85","North West","E12000002",888,"Lancashire","E10000017","Year 1",13854,14197,14000,13924,13664,13684,13816,132,0.00964630225080386,343,0.0247581925797604,-197,-0.0138761710220469,-76,-0.00542857142857143,-260,-0.0186727951738006,20,0.00146370023419204
"86","North West","E12000002",889,"Blackburn with Darwen","E06000008","Year 1",2063,2161,2161,2103,2006,2064,2023,-41,-0.0198643410852713,98,0.0475036354823073,0,0,-58,-0.026839426191578,-97,-0.0461245839277223,58,0.028913260219342
"87","North West","E12000002",890,"Blackpool","E06000009","Year 1",1618,1592,1638,1608,1611,1547,1492,-55,-0.0355526826115061,-26,-0.0160692212608158,46,0.028894472361809,-30,-0.0183150183150183,3,0.00186567164179104,-64,-0.0397268777157045
"88","North West","E12000002",895,"Cheshire East","E06000049","Year 1",4151,4225,4294,4046,4062,4068,4222,154,0.0378564405113078,74,0.0178270296314141,69,0.0163313609467456,-248,-0.0577550069864928,16,0.00395452298566485,6,0.00147710487444609
"89","North West","E12000002",896,"Cheshire West and Chester","E06000050","Year 1",3865,3943,3952,3858,3874,3742,3864,122,0.0326028861571352,78,0.0201811125485123,9,0.00228252599543495,-94,-0.0237854251012146,16,0.00414722654224987,-132,-0.0340733092410945
"90","North West","E12000002",909,"Cumbria","E10000006","Year 1",5105,5146,4982,5033,4891,4865,4924,59,0.0121274409044193,41,0.00803134182174339,-164,-0.0318694131364166,51,0.0102368526696106,-142,-0.0282137889926485,-26,-0.00531588632181558
"91","South East","E12000008",825,"Buckinghamshire","E10000002","Year 1",6290,6405,6349,6141,6069,6138,6206,68,0.0110785272075595,115,0.0182829888712242,-56,-0.0087431693989071,-208,-0.0327610647346039,-72,-0.0117244748412311,69,0.0113692535837865
"92","South East","E12000008",826,"Milton Keynes","E06000042","Year 1",3812,3956,3805,3786,3605,3628,3556,-72,-0.019845644983462,144,0.0377754459601259,-151,-0.038169868554095,-19,-0.0049934296977661,-181,-0.0478077126254622,23,0.00638002773925104
"93","South East","E12000008",845,"East Sussex","E10000011","Year 1",5485,5559,5511,5388,5140,5118,5065,-53,-0.0103556076592419,74,0.0134913400182315,-48,-0.00863464651915812,-123,-0.0223189983669026,-248,-0.0460282108389013,-22,-0.00428015564202335
"94","South East","E12000008",846,"Brighton and Hove","E06000043","Year 1",2868,2781,2681,2581,2567,2495,2442,-53,-0.0212424849699399,-87,-0.0303347280334728,-100,-0.0359582883854729,-100,-0.0372995151063036,-14,-0.00542425416505231,-72,-0.0280483054148812
"95","South East","E12000008",850,"Hampshire","E10000014","Year 1",15141,15674,15602,15068,14929,14758,15057,299,0.0202601978587885,533,0.0352024304867578,-72,-0.00459359448768661,-534,-0.0342263812331752,-139,-0.00922484735864083,-171,-0.01145421662536
"96","South East","E12000008",851,"Portsmouth","E06000044","Year 1",2322,2304,2359,2379,2266,2270,2256,-14,-0.00616740088105727,-18,-0.00775193798449612,55,0.0238715277777778,20,0.00847816871555744,-113,-0.0474989491382934,4,0.00176522506619594
"97","South East","E12000008",852,"Southampton","E06000045","Year 1",2959,3140,2992,2869,2863,2866,2699,-167,-0.0582693649685973,181,0.061169313957418,-148,-0.0471337579617834,-123,-0.0411096256684492,-6,-0.00209132101777623,3,0.00104785190359762
"98","South East","E12000008",867,"Bracknell Forest","E06000036","Year 1",1498,1463,1478,1412,1360,1366,1349,-17,-0.0124450951683748,-35,-0.0233644859813084,15,0.0102529049897471,-66,-0.0446549391069012,-52,-0.0368271954674221,6,0.00441176470588235
"99","South East","E12000008",868,"Windsor and Maidenhead","E06000040","Year 1",1710,1670,1637,1627,1582,1587,1585,-2,-0.00126023944549464,-40,-0.0233918128654971,-33,-0.0197604790419162,-10,-0.00610873549175321,-45,-0.0276582667486171,5,0.00316055625790139
"100","South East","E12000008",869,"West Berkshire","E06000037","Year 1",1966,2022,1941,1903,1843,1830,1865,35,0.0191256830601093,56,0.0284842319430315,-81,-0.0400593471810089,-38,-0.0195775373518805,-60,-0.0315291644771414,-13,-0.00705371676614216
"101","South East","E12000008",870,"Reading","E06000038","Year 1",1982,1987,2001,2009,1879,1774,1988,214,0.120631341600902,5,0.00252270433905146,14,0.00704579768495219,8,0.00399800099950025,-130,-0.0647088103534097,-105,-0.0558807876530069
"102","South East","E12000008",871,"Slough","E06000039","Year 1",2414,2476,2429,2335,2289,2257,2273,16,0.00708905626938414,62,0.0256835128417564,-47,-0.0189822294022617,-94,-0.038699053108275,-46,-0.0197002141327623,-32,-0.0139799038881608
"103","South East","E12000008",872,"Wokingham","E06000041","Year 1",2129,2120,2190,2168,2113,2072,2153,81,0.0390926640926641,-9,-0.00422733677782997,70,0.0330188679245283,-22,-0.0100456621004566,-55,-0.0253690036900369,-41,-0.0194036914339801
"104","South East","E12000008",886,"Kent","E10000016","Year 1",17629,17988,18377,17774,17555,17579,17904,325,0.0184879685988964,359,0.0203641726700323,389,0.0216255281298644,-603,-0.0328127550742776,-219,-0.0123213682907618,24,0.00136713187126175
"105","South East","E12000008",887,"Medway","E06000035","Year 1",3474,3587,3596,3478,3442,3459,3611,152,0.0439433362243423,113,0.0325273459988486,9,0.00250906049623641,-118,-0.0328142380422692,-36,-0.0103507763082231,17,0.00493898895990703
"106","South East","E12000008",921,"Isle of Wight","E06000046","Year 1",1348,1330,1348,1271,1264,1295,1128,-167,-0.128957528957529,-18,-0.013353115727003,18,0.0135338345864662,-77,-0.0571216617210683,-7,-0.00550747442958301,31,0.0245253164556962
"107","South East","E12000008",931,"Oxfordshire","E10000025","Year 1",7424,7860,7599,7322,7262,7310,7410,100,0.0136798905608755,436,0.0587284482758621,-261,-0.033206106870229,-277,-0.0364521647585209,-60,-0.00819448238186288,48,0.006609749380336
"108","South East","E12000008",936,"Surrey","E10000030","Year 1",13128,13453,13400,12781,12891,12709,12880,171,0.0134550318671807,325,0.0247562461913467,-53,-0.00393964171560247,-619,-0.0461940298507463,110,0.00860652531100853,-182,-0.0141183771623613
"109","South East","E12000008",938,"West Sussex","E10000032","Year 1",9202,9473,9526,9226,8987,9069,9096,27,0.00297717499173007,271,0.0294501195392306,53,0.00559484851683733,-300,-0.0314927566659668,-239,-0.0259050509429872,82,0.0091242906420385
"110","South West","E12000009",800,"Bath and North East Somerset","E06000022","Year 1",1872,1914,1883,1879,1806,1843,1854,11,0.00596852957135106,42,0.0224358974358974,-31,-0.01619644723093,-4,-0.00212426978226235,-73,-0.038850452368281,37,0.0204872646733112
"111","South West","E12000009",801,"Bristol, City of","E06000023","Year 1",5163,5289,5323,5305,5059,4976,4997,21,0.00422025723472669,126,0.0244044160371877,34,0.00642843637738703,-18,-0.00338155175652827,-246,-0.0463713477851084,-83,-0.0164064044277525
"112","South West","E12000009",802,"North Somerset","E06000024","Year 1",2442,2523,2437,2424,2283,2336,2337,1,0.000428082191780822,81,0.0331695331695332,-86,-0.0340864050733254,-13,-0.00533442757488716,-141,-0.0581683168316832,53,0.0232150678931231
"113","South West","E12000009",803,"South Gloucestershire","E06000025","Year 1",3357,3287,3346,3257,3280,3306,3253,-53,-0.0160314579552329,-70,-0.0208519511468573,59,0.0179494980225129,-89,-0.0265989240884638,23,0.00706171323303654,26,0.00792682926829268
"114","South West","E12000009",835,"Dorset","E10000009","Year 1",3997,4028,4008,3959,NA,NA,NA,NA,NA,31,0.00775581686264699,-20,-0.00496524329692155,-49,-0.0122255489021956,NA,NA,NA,NA
"115","South West","E12000009",836,"Poole","E06000029","Year 1",1719,1651,1661,1486,NA,NA,NA,NA,NA,-68,-0.0395578824898197,10,0.00605693519079346,-175,-0.105358217940999,NA,NA,NA,NA
"116","South West","E12000009",837,"Bournemouth","E06000028","Year 1",1728,1819,1815,1818,NA,NA,NA,NA,NA,91,0.052662037037037,-4,-0.00219901044529962,3,0.00165289256198347,NA,NA,NA,NA
"117","South West","E12000009",838,"Dorset","E06000059","Year 1",NA,NA,NA,NA,3344,3241,3286,45,0.0138846035174329,NA,NA,NA,NA,NA,NA,NA,NA,-103,-0.0308014354066986
"118","South West","E12000009",839,"Bournemouth, Christchurch and Poole","E06000058","Year 1",NA,NA,NA,NA,3734,3707,3852,145,0.03911518748314,NA,NA,NA,NA,NA,NA,NA,NA,-27,-0.00723085163363685
"119","South West","E12000009",865,"Wiltshire","E06000054","Year 1",5556,5750,5539,5420,5506,5306,5448,142,0.026762156049755,194,0.0349172066234701,-211,-0.036695652173913,-119,-0.0214840223867124,86,0.0158671586715867,-200,-0.0363240101707228
"120","South West","E12000009",866,"Swindon","E06000030","Year 1",2791,2901,2985,2826,2849,2762,2729,-33,-0.0119478638667632,110,0.039412396990326,84,0.0289555325749741,-159,-0.0532663316582915,23,0.00813871196036801,-87,-0.0305370305370305
"121","South West","E12000009",878,"Devon","E10000008","Year 1",7745,8035,8049,7693,7702,7480,7594,114,0.0152406417112299,290,0.0374435119431892,14,0.00174237710018668,-356,-0.044229096782209,9,0.00116989470947615,-222,-0.0288236821604778
"122","South West","E12000009",879,"Plymouth","E06000026","Year 1",2929,3024,3035,2925,2827,2807,2771,-36,-0.012825080156751,95,0.0324342779105497,11,0.00363756613756614,-110,-0.0362438220757825,-98,-0.0335042735042735,-20,-0.00707463742483198
"123","South West","E12000009",880,"Torbay","E06000027","Year 1",1389,1431,1452,1414,1449,1342,1335,-7,-0.00521609538002981,42,0.0302375809935205,21,0.0146750524109015,-38,-0.0261707988980716,35,0.0247524752475248,-107,-0.0738440303657695
"124","South West","E12000009",908,"Cornwall","E06000052","Year 1",5739,6077,6057,5979,5756,5697,5589,-108,-0.018957345971564,338,0.0588952779229831,-20,-0.00329109758104328,-78,-0.0128776622090144,-223,-0.0372972068907844,-59,-0.0102501737317582
"125","South West","E12000009",916,"Gloucestershire","E10000013","Year 1",6784,6893,6963,6794,6712,6607,6724,117,0.0177084909943999,109,0.0160672169811321,70,0.0101552299434209,-169,-0.0242711474938963,-82,-0.0120694730644686,-105,-0.0156436233611442
"126","South West","E12000009",933,"Somerset","E10000027","Year 1",5841,5895,5897,5642,5677,5609,5654,45,0.00802282046710644,54,0.00924499229583975,2,0.000339270568278202,-255,-0.0432423266067492,35,0.00620347394540943,-68,-0.011978157477541
"127","West Midlands","E12000005",330,"Birmingham","E08000025","Year 1",15384,15970,15800,15524,15084,14625,14999,374,0.0255726495726496,586,0.0380915236609464,-170,-0.010644959298685,-276,-0.0174683544303797,-440,-0.0283432105127544,-459,-0.0304295942720764
"128","West Midlands","E12000005",331,"Coventry","E08000026","Year 1",4493,4538,4522,4395,4299,4230,4318,88,0.0208037825059102,45,0.0100155797907857,-16,-0.00352578228294403,-127,-0.0280849181777974,-96,-0.0218430034129693,-69,-0.0160502442428472
"129","West Midlands","E12000005",332,"Dudley","E08000027","Year 1",3816,3832,4024,3964,3839,3679,3737,58,0.0157651535743409,16,0.00419287211740042,192,0.0501043841336117,-60,-0.0149105367793241,-125,-0.0315338042381433,-160,-0.0416775201875488
"130","West Midlands","E12000005",333,"Sandwell","E08000028","Year 1",4610,4898,4981,5004,4727,4729,4768,39,0.0082469866779446,288,0.062472885032538,83,0.0169456921192323,23,0.00461754667737402,-277,-0.0553557154276579,2,0.000423101332769198
"131","West Midlands","E12000005",334,"Solihull","E08000029","Year 1",2668,2861,2861,2755,2732,2720,2779,59,0.0216911764705882,193,0.0723388305847077,0,0,-106,-0.0370499825235932,-23,-0.00834845735027223,-12,-0.00439238653001464
"132","West Midlands","E12000005",335,"Walsall","E08000030","Year 1",3629,3755,3712,3758,3782,3736,3714,-22,-0.00588865096359743,126,0.0347203086249656,-43,-0.0114513981358189,46,0.0123922413793103,24,0.00638637573177222,-46,-0.01216287678477
"133","West Midlands","E12000005",336,"Wolverhampton","E08000031","Year 1",3287,3547,3457,3282,3415,3340,3375,35,0.0104790419161677,260,0.0790994828110739,-90,-0.0253735551170003,-175,-0.0506219265258895,133,0.0405240706886045,-75,-0.0219619326500732
"134","West Midlands","E12000005",860,"Staffordshire","E10000028","Year 1",9393,9608,9499,9518,9357,9136,9365,229,0.0250656742556918,215,0.0228893857127648,-109,-0.0113447127393838,19,0.00200021054847879,-161,-0.01691531834419,-221,-0.0236186812012397
"135","West Midlands","E12000005",861,"Stoke-on-Trent","E06000021","Year 1",3216,3406,3337,3286,3334,3098,3129,31,0.0100064557779212,190,0.0590796019900498,-69,-0.0202583675866119,-51,-0.0152831884926581,48,0.014607425441266,-236,-0.0707858428314337
"136","West Midlands","E12000005",884,"Herefordshire, County of","E06000019","Year 1",1899,1963,1866,1943,1824,1766,1801,35,0.0198187995469989,64,0.0337019483938915,-97,-0.0494141619969435,77,0.0412647374062165,-119,-0.0612454966546577,-58,-0.0317982456140351
"137","West Midlands","E12000005",885,"Worcestershire","E10000034","Year 1",6280,6349,6486,6316,6105,6182,6190,8,0.00129407958589453,69,0.0109872611464968,137,0.021578201291542,-170,-0.0262102991057663,-211,-0.0334072197593414,77,0.0126126126126126
"138","West Midlands","E12000005",893,"Shropshire","E06000051","Year 1",2868,2888,2992,2933,2845,2903,3010,107,0.0368584223217361,20,0.00697350069735007,104,0.03601108033241,-59,-0.0197192513368984,-88,-0.0300034094783498,58,0.0203866432337434
"139","West Midlands","E12000005",894,"Telford and Wrekin","E06000020","Year 1",2221,2335,2279,2323,2267,2134,2209,75,0.03514526710403,114,0.0513282305267897,-56,-0.023982869379015,44,0.0193067134708205,-56,-0.0241067585019372,-133,-0.05866784296427
"140","West Midlands","E12000005",937,"Warwickshire","E10000031","Year 1",6241,6560,6469,6402,6348,6309,6328,19,0.00301157077191314,319,0.0511136035891684,-91,-0.0138719512195122,-67,-0.0103570876487865,-54,-0.0084348641049672,-39,-0.00614366729678639
"141","Yorkshire and The Humber","E12000003",370,"Barnsley","E08000016","Year 1",2804,2942,2941,2818,2714,2798,2721,-77,-0.0275196568977841,138,0.0492154065620542,-1,-0.000339904826648538,-123,-0.041822509350561,-104,-0.0369056068133428,84,0.0309506263817244
"142","Yorkshire and The Humber","E12000003",371,"Doncaster","E08000017","Year 1",3784,3883,3747,3772,3570,3570,3617,47,0.0131652661064426,99,0.0261627906976744,-136,-0.0350244656193665,25,0.00667200427008273,-202,-0.0535524920466596,0,0
"143","Yorkshire and The Humber","E12000003",372,"Rotherham","E08000018","Year 1",3379,3283,3355,3280,3173,3030,3237,207,0.0683168316831683,-96,-0.0284107724178751,72,0.0219311605239111,-75,-0.022354694485842,-107,-0.0326219512195122,-143,-0.0450677592184053
"144","Yorkshire and The Humber","E12000003",373,"Sheffield","E08000019","Year 1",6342,6317,6452,6221,6095,6134,6122,-12,-0.0019563090968373,-25,-0.00394197414064964,135,0.0213709039100839,-231,-0.0358028518288903,-126,-0.0202539784600547,39,0.00639868744872847
"145","Yorkshire and The Humber","E12000003",380,"Bradford","E08000032","Year 1",7881,7765,7553,7492,7438,7337,7376,39,0.00531552405615374,-116,-0.0147189442964091,-212,-0.02730199613651,-61,-0.00807626108830928,-54,-0.00720768820074746,-101,-0.0135789190642646
"146","Yorkshire and The Humber","E12000003",381,"Calderdale","E08000033","Year 1",2798,2673,2767,2601,2578,2455,2481,26,0.0105906313645621,-125,-0.044674767691208,94,0.0351664796109241,-166,-0.0599927719551861,-23,-0.00884275278738946,-123,-0.047711404189294
"147","Yorkshire and The Humber","E12000003",382,"Kirklees","E08000034","Year 1",5356,5518,5356,5267,5120,5121,5120,-1,-0.000195274360476469,162,0.0302464525765497,-162,-0.0293584632113084,-89,-0.0166168782673637,-147,-0.0279096259730397,1,0.0001953125
"148","Yorkshire and The Humber","E12000003",383,"Leeds","E08000035","Year 1",9982,9837,10096,9774,9661,9605,9661,56,0.00583029672045809,-145,-0.0145261470647165,259,0.0263291653959541,-322,-0.0318938193343899,-113,-0.011561285041948,-56,-0.00579650139737087
"149","Yorkshire and The Humber","E12000003",384,"Wakefield","E08000036","Year 1",4150,4194,4188,4188,4108,4027,4167,140,0.0347653339955302,44,0.0106024096385542,-6,-0.00143061516452074,0,0,-80,-0.0191021967526266,-81,-0.0197176241480039
"150","Yorkshire and The Humber","E12000003",810,"Kingston upon Hull, City of","E06000010","Year 1",3353,3407,3568,3404,3277,3240,3295,55,0.0169753086419753,54,0.0161049806143752,161,0.047255650132081,-164,-0.0459641255605381,-127,-0.0373090481786134,-37,-0.0112908147696063
"151","Yorkshire and The Humber","E12000003",811,"East Riding of Yorkshire","E06000011","Year 1",3461,3419,3647,3419,3283,3354,3294,-60,-0.0178890876565295,-42,-0.0121352210343831,228,0.0666861655454811,-228,-0.0625171373731834,-136,-0.0397777127815151,71,0.0216265610721901
"152","Yorkshire and The Humber","E12000003",812,"North East Lincolnshire","E06000012","Year 1",1972,1981,1986,1965,1860,1985,1810,-175,-0.0881612090680101,9,0.00456389452332657,5,0.00252397778899546,-21,-0.0105740181268882,-105,-0.0534351145038168,125,0.0672043010752688
"153","Yorkshire and The Humber","E12000003",813,"North Lincolnshire","E06000013","Year 1",1935,1992,2011,1966,1855,1851,1860,9,0.00486223662884927,57,0.0294573643410853,19,0.00953815261044177,-45,-0.0223769269020388,-111,-0.0564598168870804,-4,-0.00215633423180593
"154","Yorkshire and The Humber","E12000003",815,"North Yorkshire","E10000023","Year 1",6197,6192,6163,6007,5967,5865,6000,135,0.0230179028132992,-5,-0.000806842020332419,-29,-0.00468346253229974,-156,-0.0253123478825247,-40,-0.00665889795238888,-102,-0.0170940170940171
"155","Yorkshire and The Humber","E12000003",816,"York","E06000014","Year 1",1997,2026,1985,1949,1934,1859,1815,-44,-0.0236686390532544,29,0.014521782674011,-41,-0.0202369200394867,-36,-0.0181360201511335,-15,-0.00769625448948179,-75,-0.0387797311271975
"156","Total","0",0,"0","0","0",641959,653309,652347,636409,624344,619221,624147,4926,0.0079551565596128,11350,0.0176802568388324,-962,-0.00147250382284646,-15938,-0.0244317824715987,-12065,-0.0189579342843989,-5123,-0.00820541240085594
